Descriptor_1,Descriptor_2,Pearson_Correlation,Abs_Correlation
maxHsOH,minHsOH,0.8763908770457115,0.8763908770457115
TopoPSA,nHBd,0.808632884724954,0.808632884724954
TopoPSA,ATS0s,0.8062357104572129,0.8062357104572129
maxHsOH,SHsOH,0.7965937646984917,0.7965937646984917
maxHsOH,minsOH,0.7407024082974605,0.7407024082974605
SHsOH,nHBd,0.7376559731792619,0.7376559731792619
TopoPSA,maxHBint10,0.658437032003039,0.658437032003039
maxHBint8,TopoPSA,0.6543207152688268,0.6543207152688268
TopoPSA,maxHBint9,0.6380454567527939,0.6380454567527939
ATS0s,nHBd,0.631319725197393,0.631319725197393
maxHBint10,nHBd,0.6179953570422426,0.6179953570422426
TopoPSA,maxHBint6,0.6127908018149628,0.6127908018149628
minHsOH,SHsOH,0.6024125792093228,0.6024125792093228
minHsOH,minsOH,0.5949660463164875,0.5949660463164875
maxHBint5,TopoPSA,0.5892032100547366,0.5892032100547366
maxHBint8,nHBd,0.5866883743912338,0.5866883743912338
SHsOH,minsOH,0.5783006808162124,0.5783006808162124
maxHBint6,nHBd,0.575516016361345,0.575516016361345
maxHBint5,maxHBint8,0.5715570770552574,0.5715570770552574
nHBd,maxHBint7,0.5680650768296732,0.5680650768296732
TopoPSA,maxHBint7,0.5622533899639597,0.5622533899639597
TopoPSA,SHsOH,0.5593156290941695,0.5593156290941695
maxHBint10,ATS0s,0.5578862979422183,0.5578862979422183
maxHBint8,maxHBint7,0.5558855534490084,0.5558855534490084
maxHBint9,nHBd,0.552944233248578,0.552944233248578
maxHBint8,maxHBint9,0.5527212772424448,0.5527212772424448
SHsOH,maxHBint7,0.5459120380377268,0.5459120380377268
maxHBint5,nHBd,0.5435380318314708,0.5435380318314708
maxHBint9,maxHBint6,0.5425795827511218,0.5425795827511218
maxHBint9,maxHBint7,0.538219664345661,0.538219664345661
maxHBint8,ATS0s,0.5361542945125765,0.5361542945125765
maxHBint9,ATS0s,0.5319203447678039,0.5319203447678039
maxHBint5,SHsOH,0.5289450283374023,0.5289450283374023
maxHBint5,maxHBint2,0.5267984280753746,0.5267984280753746
maxHBint10,maxHBint7,0.5266071615735147,0.5266071615735147
maxHBint6,SHsOH,0.5242581360204386,0.5242581360204386
maxHBint8,maxHBint10,0.5240786650142994,0.5240786650142994
maxHBint8,maxHBint6,0.5186552600165346,0.5186552600165346
maxHBint9,maxHBint10,0.5170018336089651,0.5170018336089651
ATS0s,maxHBint7,0.5055196869945906,0.5055196869945906
maxHBint10,SHsOH,0.49926232734506776,0.49926232734506776
maxHsOH,maxHBint7,0.49675462558062716,0.49675462558062716
maxHBint5,maxHsOH,0.49511752564331263,0.49511752564331263
maxHBint6,maxHBint7,0.4927379118149703,0.4927379118149703
maxHBint5,maxHBint7,0.4914126723845264,0.4914126723845264
maxHBint8,SHsOH,0.4871017315117383,0.4871017315117383
maxHsOH,nHBd,0.482924170392301,0.482924170392301
maxHBint5,maxHBint6,0.48285661646696226,0.48285661646696226
maxHBint10,maxHBint6,0.4823582399705846,0.4823582399705846
ATS0s,minsOH,0.4731640556764307,0.4731640556764307
maxHBint5,maxHBint9,0.47200700747378704,0.47200700747378704
maxHsOH,maxHBint6,0.4649928576600284,0.4649928576600284
minsOH,nHBd,0.46021603353499696,0.46021603353499696
maxHBint9,SHsOH,0.4581349518634577,0.4581349518634577
ATS0s,maxHBint6,0.45450916398302116,0.45450916398302116
maxHsOH,maxHBint8,0.4395193357743738,0.4395193357743738
TopoPSA,maxHBint2,0.4347416640748595,0.4347416640748595
maxHBint5,maxHBint10,0.42782885026999673,0.42782885026999673
maxHBint5,ATS0s,0.42758877612214274,0.42758877612214274
maxHsOH,maxHBint9,0.42689922127061913,0.42689922127061913
maxHBint2,maxHBint6,0.4162362736680285,0.4162362736680285
maxHBint5,minHsOH,0.41229942677334075,0.41229942677334075
TopoPSA,minsOH,0.40981907236823006,0.40981907236823006
ATS0s,SHsOH,0.40880438269466385,0.40880438269466385
maxHsOH,TopoPSA,0.40439870697425156,0.40439870697425156
maxHBint8,maxHBint2,0.39380682165311715,0.39380682165311715
minHsOH,maxHBint2,0.39371744728883795,0.39371744728883795
minsOH,maxHBint7,0.38878776292061523,0.38878776292061523
maxHsOH,maxHBint2,0.37610701998015356,0.37610701998015356
maxHsOH,maxHBint10,0.3704304966374006,0.3704304966374006
maxHBint2,maxHBint9,0.3688518421189559,0.3688518421189559
maxHBint2,nHBd,0.3669009328886307,0.3669009328886307
maxHBint8,minsOH,0.35436133570109224,0.35436133570109224
maxHBint2,maxHBint10,0.3527529308856687,0.3527529308856687
minHsOH,maxHBint6,0.3496221765647665,0.3496221765647665
maxHBint6,minsOH,0.3493975984010064,0.3493975984010064
maxHBint2,maxHBint7,0.34365631240095773,0.34365631240095773
maxHBint5,minsOH,0.33766576738059967,0.33766576738059967
maxHBint2,SHsOH,0.3179884210471287,0.3179884210471287
minHsOH,maxHBint7,0.3122745399696306,0.3122745399696306
maxHBint9,minsOH,0.30856416621686006,0.30856416621686006
maxHBint10,minsOH,0.3044935716479886,0.3044935716479886
minHsOH,maxHBint9,0.29809464537140457,0.29809464537140457
maxHsOH,ATS0s,0.29701761325100395,0.29701761325100395
maxHBint8,minHsOH,0.29242509634051506,0.29242509634051506
ATS0s,minsF,0.27966127101730004,0.27966127101730004
maxHBint2,ATS0s,0.26311185083203337,0.26311185083203337
minHsOH,nHBd,0.2473969981603546,0.2473969981603546
minHsOH,TopoPSA,0.24007453793333644,0.24007453793333644
minHsOH,maxHBint10,0.19703461676072032,0.19703461676072032
maxHBint2,minsF,-0.15309126588203134,0.15309126588203134
minsOH,minsF,0.1510091791368801,0.1510091791368801
nHBd,minsF,-0.10239234162186883,0.10239234162186883
maxHBint2,minsOH,0.09344692142394734,0.09344692142394734
minHsOH,ATS0s,0.08902222399437573,0.08902222399437573
TopoPSA,minsF,-0.08831590061522138,0.08831590061522138
minsF,maxHBint7,0.08109810273137015,0.08109810273137015
maxHBint10,minsF,-0.0783335311115689,0.0783335311115689
maxHBint5,minsF,-0.07010600718520654,0.07010600718520654
minHsOH,minsF,-0.06535053820010825,0.06535053820010825
SHsOH,minsF,-0.06492123516639178,0.06492123516639178
maxHBint9,minsF,0.04310927794250903,0.04310927794250903
maxHBint8,minsF,0.02605798770180379,0.02605798770180379
maxHBint6,minsF,-0.02355379372248922,0.02355379372248922
maxHsOH,minsF,-0.013912813094254468,0.013912813094254468
