index,y_true,y_pred,y_score
8398,0,0,0.24504736152152642
8699,1,1,0.9220662073003365
823,1,1,0.6078310839716506
728,1,0,0.45282602299871566
2288,1,0,0.24879507842018447
8890,1,1,0.9697743882483225
7492,1,0,0.2433749786434043
5257,0,0,0.08243761207123616
8571,1,1,0.6833318623216008
3746,0,1,0.599946794880599
4975,0,0,0.4461505642715441
5612,0,1,0.6050146269119836
5241,0,0,0.16333333596546556
3666,0,0,0.02542595844222588
279,1,0,0.3308592976581791
9024,1,1,0.9061142043803495
1852,0,0,0.0598849049567718
8637,1,1,0.9823255807622513
2929,1,1,0.8239739510355788
8547,1,1,0.7798564542043488
8954,1,1,0.9918740969904869
7205,1,1,0.6189314961464332
4873,1,1,0.9432574732666125
8304,0,0,0.17937652540198767
5945,0,0,0.2619701305196325
2245,1,1,0.5023660394899935
8659,1,1,0.5459300108943635
2424,1,1,0.5863243579239293
9207,1,1,0.9992035643634724
2189,1,1,0.8922246296896672
3344,1,1,0.5125727408332568
8615,1,1,0.542166066066558
7441,1,0,0.30013933122340286
1369,1,1,0.8467324302320691
6605,1,1,0.9263694048730763
4659,0,0,0.45060742172522966
8388,0,0,0.08739203583424639
4775,0,1,0.6624315555412394
9005,1,1,0.989294315035311
853,1,1,0.9250685516194516
2537,0,0,0.09046212740138813
4691,0,0,0.0976482765918094
741,1,1,0.9988866547311462
8873,1,1,0.9955449631819276
5491,0,0,0.4189755422374195
5783,0,0,0.08207124421462485
8269,1,1,0.918912822800132
5203,0,0,0.45027704003637004
4055,1,1,0.8170611305886105
9203,1,1,0.9877221461519146
8545,1,0,0.4928034990619058
3887,1,0,0.3889949642222935
6836,0,0,0.09747527928617707
507,1,1,0.7192054061931152
2881,1,1,0.6742975061200579
8378,0,0,0.163347695684802
2030,0,0,0.08451350363761168
330,1,1,0.5523423737760637
5088,1,0,0.21547581451482992
7221,0,0,0.15665705924810966
1361,1,1,0.914683551978195
6682,1,0,0.4926346446271426
1168,1,1,0.931819303790811
4185,1,1,0.9100589979084474
8496,1,1,0.6407428489337247
1486,1,0,0.28571180255686196
4952,0,0,0.25057106386142775
4298,0,0,0.3505445282294562
2924,1,1,0.5606854945097417
1954,1,0,0.2708026447425139
6180,1,0,0.07841498256449023
3753,1,1,0.7387337395103047
3221,1,0,0.1628300244127881
4491,1,1,0.8402521675278571
8283,0,1,0.7887181816000407
925,1,1,0.9592464596420622
8180,1,1,0.8033465534478776
5558,0,1,0.6755092648834193
4790,1,1,0.9584652029676921
8434,0,0,0.10437510876238403
3804,0,1,0.6142660027648323
4345,1,1,0.5373062622091758
8706,1,1,0.5165371406062714
5962,1,1,0.8563028594316964
2711,1,0,0.49273064301791714
5229,0,0,0.0010590738182056118
8168,0,1,0.7653576911032262
7913,0,0,0.22232865199495222
8252,1,0,0.4822488588675996
3736,0,1,0.6150889585062645
8891,1,1,0.9541008957921604
7335,1,1,0.737983543357954
727,1,1,0.917832428768577
6181,0,0,0.4382903871118895
1685,1,1,0.7304043120360055
736,0,0,0.08695496283173597
4378,1,1,0.5210558896868028
9534,1,1,0.9939257055695007
6269,1,1,0.8471756384346498
8311,0,0,0.1833125296701596
7917,1,1,0.5804604163338731
2058,1,0,0.03309843884030537
6462,1,1,0.8284449620574108
5224,0,0,0.026072056966366847
5391,0,0,0.19058240371220928
4803,1,1,0.6149079758471342
4545,0,0,0.03846631310378692
8207,1,1,0.83485001974231
508,1,0,0.18626044145699808
3848,0,0,0.3038261475212873
7605,0,0,0.45682994762729634
314,1,0,0.32679821634900363
8349,0,0,0.13914924620006333
1053,1,1,0.7542772724886261
1711,1,1,0.9751694454648857
9109,1,1,0.9277062572219494
784,1,1,0.9613352969379955
9244,1,1,0.8587774988688059
2496,1,1,0.5098737399533735
4428,0,0,0.1604302384110317
4834,1,1,0.7424782976769522
710,1,1,0.5320732997435046
5014,0,0,0.18991209319192973
2515,1,1,0.8277487448879595
4329,0,0,0.21525419539713397
430,1,1,0.8330397864852651
8351,0,0,0.1628300244127881
6777,0,0,0.16334769568480179
389,1,0,0.34089079166260955
8018,0,0,0.21281230670061857
2500,1,1,0.887479673915052
6633,1,0,0.45134973722705257
1896,1,1,0.95035657883435
8678,1,1,0.8591189544903111
9177,1,1,0.984835247247171
9011,1,1,0.9924212912255053
7395,1,1,0.8627800544717797
1405,1,1,0.7507027108066274
2205,1,1,0.8941256542189204
5451,0,1,0.8141344916086113
2819,1,1,0.9502034073405697
9347,1,1,0.7050058051938073
5668,0,1,0.5022216336390362
7060,1,1,0.7053812861959999
7114,1,0,0.31615502102897014
4317,1,1,0.7767476347062484
7003,1,1,0.8671519147018432
3508,1,1,0.7278607030508587
7828,1,1,0.6971654686037831
1915,0,0,0.019749964218459704
6599,1,1,0.6940651981159202
6727,0,0,0.19357779234083972
1123,1,1,0.9633840868016168
2982,1,1,0.7781848799467592
7615,0,0,0.36126673012977817
1972,1,1,0.5125727408332568
5706,0,0,0.2550896872311396
5667,0,0,0.4304974508549828
249,1,1,0.6704489722443195
433,1,1,0.8075137212137414
4322,0,0,0.31615502102897014
7793,1,0,0.4655905857843849
4879,1,1,0.8178333007056255
4278,1,1,0.9473008322445831
8738,1,1,0.8228331007844318
3406,1,0,0.08254501280909826
4195,1,1,0.9025760523552503
9136,1,1,0.977872777267385
3917,0,1,0.620719684790253
2643,1,1,0.8900584920961473
3238,1,0,0.0010489288667456399
639,1,1,0.9135726192211782
6251,1,1,0.8819477450776211
1111,1,1,0.8178076830121452
1367,1,1,0.9496872818961132
7095,1,1,0.7390316459543214
5367,0,1,0.7272900123679097
8340,0,0,0.21464205260689737
7322,0,0,0.05018147645236979
5140,1,1,0.8000520752337715
4830,1,1,0.5649710882832234
9541,1,1,0.9537965994377968
2162,1,1,0.6189545718663247
2824,1,1,0.8136304710156703
5281,0,0,0.3606335225999567
6805,0,0,0.33871836942779154
68,0,0,0.041570193854693994
2708,1,1,0.5179841778278724
4095,0,0,0.09371539489385229
1110,1,1,0.8802284791534443
7604,0,0,0.2817724968732864
9449,1,1,0.9838190202701376
4432,1,1,0.9436724096422215
3493,1,1,0.887103479857592
1621,1,1,0.7020287589195242
8112,1,1,0.9538317318043471
7115,0,0,0.23531581230785192
9224,1,1,0.9982361898428377
1533,1,0,0.26420292017666547
6923,1,1,0.8467324302320691
4338,0,0,0.023711685878304353
3688,1,0,0.44925258935111456
7312,1,1,0.5059496327682373
226,0,0,0.459422741502578
2334,1,1,0.8136265397210191
6301,1,0,0.13210116768694155
3787,1,1,0.6069345249151321
2355,1,1,0.5770864940168526
4194,1,1,0.6169221428579161
3292,1,1,0.6823395947817439
547,1,1,0.8898722816796567
8665,1,1,0.9754486264487906
1688,1,1,0.825748030197879
2699,1,0,0.4851901221602423
2748,1,0,0.051238110321219416
2436,1,1,0.7474973765994947
7360,1,1,0.8150308099509659
4747,0,0,0.07386397411961296
4593,1,1,0.9671166060222369
4521,0,1,0.5585493248849234
9301,1,1,0.9927058601264811
8747,1,1,0.7974614384371661
8565,1,1,0.8151305133073863
2781,1,1,0.8857490195467876
8976,1,1,0.86252943247468
593,1,1,0.6581361498612199
5551,0,0,0.44597714609126804
747,1,1,0.8310072031658687
4067,1,1,0.9633840868016168
1483,1,1,0.9287913515779174
4500,0,0,0.146644263632805
3121,1,1,0.958543680305591
7670,1,1,0.6895370129766328
5008,0,1,0.6585627232028303
9491,1,1,0.9753616179742757
4945,0,0,0.0896882406901931
8274,1,1,0.9637908214212267
971,1,1,0.9454764425006266
5885,1,1,0.8265717691026526
6088,1,1,0.8448988078556111
6763,1,1,0.9670943273276872
4016,1,1,0.6345399580674901
7184,1,1,0.5210558896868029
5332,0,0,0.013293023283029547
9154,1,1,0.9995725568057201
5154,0,0,0.1719670004740774
8991,1,1,0.9970739166860761
4925,0,0,0.17225320111672257
766,1,1,0.948644226316908
1318,0,0,0.196759424370998
7410,1,1,0.8021696820157931
7453,1,1,0.693534429152971
6225,1,0,0.24597055793824166
3977,1,0,0.24646534585863983
6429,1,1,0.6760283152792524
2296,1,0,0.4646487316302361
6534,1,1,0.7892075534982832
19,0,1,0.5070692241828711
6868,1,1,0.957655581675733
9489,1,1,0.7850343016124713
5108,0,0,0.16609042646731836
139,1,0,0.37684833450681454
2097,1,1,0.5292785572517493
1858,1,0,0.1375128450206895
8457,0,0,0.01776421180482519
8451,0,0,0.3304932443035679
5600,0,1,0.6366307040455604
4817,0,0,0.1319549460998818
8619,1,1,0.7802199316085826
2368,1,1,0.838303152583898
4221,0,0,0.05391431699939998
846,1,1,0.9755661305231837
2388,1,1,0.6585404896597133
4119,1,1,0.873604156357326
6710,1,1,0.8640473258267855
1927,1,1,0.598929605393855
6889,0,0,0.07126481479208555
5383,0,0,0.11293870437236292
2576,1,1,0.7310681014908997
4532,1,1,0.8676761344354146
4723,1,1,0.9866498880595523
1029,0,0,0.3435031899227303
1180,0,0,0.15915127083733893
880,1,0,0.46364411821277757
5826,0,0,0.10190726023593479
3070,0,0,0.21851166832554944
5980,1,1,0.8739797798249257
6441,0,0,0.05018147645236979
8200,0,0,0.48018733616981923
5743,0,1,0.5887536305928279
6842,1,0,0.44589365129913905
6383,1,1,0.8771671284733719
5433,0,0,0.4062048434014023
8593,1,1,0.8301436408976914
1969,1,1,0.9629307678700258
2967,1,0,0.3948139703859375
8066,0,0,0.39764721963976535
2938,1,1,0.8815679088633995
6719,1,1,0.7740438940815304
1983,1,1,0.7105421290686964
3583,1,1,0.7090220148068699
4174,1,1,0.9761805792671334
1445,1,1,0.7945202172074063
4980,0,1,0.5456442540473531
5905,1,1,0.963867374964408
7552,1,0,0.202264487822083
4769,0,0,0.019749964218459704
3694,1,1,0.8170779113280061
4645,0,0,0.05646861773028984
5846,1,0,0.3899623513794328
6040,1,1,0.8467324302320691
6182,1,0,0.36235179348856966
3796,1,0,0.23436287138815054
4708,0,0,0.1793765254019873
3663,1,1,0.5162426427684377
8140,1,1,0.8512218472435066
5560,0,0,0.4293623257538926
7344,1,1,0.7466429057136885
6827,1,1,0.8660874751874325
490,1,0,0.39308803156164857
2547,1,1,0.8640473258267855
9561,1,1,0.9979413140558863
5045,0,0,0.010313737097754334
2613,1,1,0.9863647593665431
929,1,1,0.5010903445420688
814,1,1,0.8402800687630443
749,1,1,0.7890728054664518
3419,1,1,0.8658154766727281
5501,0,1,0.5291628056507081
4818,1,0,0.4778067084686682
2785,1,0,0.11065646771273753
2502,1,0,0.4145481205685359
7752,0,0,0.08448759113032367
3415,1,0,0.2605202920631703
7804,0,1,0.5755325799429782
6267,1,1,0.5373062622091758
4722,1,1,0.9105206646208669
1800,1,1,0.5373062622091758
7059,1,1,0.7149231824148148
7554,1,1,0.7674931524230951
8044,0,0,0.22153560155360746
92,1,0,0.1140725162632151
2878,1,1,0.946659411749423
2549,1,1,0.9648416613854123
8216,0,0,0.28939561375069867
3543,1,1,0.6091098899511412
2267,1,1,0.533284124519771
2414,1,1,0.9892111285390184
2802,1,1,0.7015423299216932
4887,0,0,0.3716433850030255
2512,1,0,0.18903971491563257
259,1,1,0.9178680748932685
1716,1,1,0.8281647733953794
5659,0,0,0.26464058535664015
6728,0,0,0.24288447350029344
7515,1,1,0.7883305986838006
5231,0,0,0.2875229637399993
1587,0,0,0.27938924314959757
4597,0,0,0.3055493457279099
6408,1,1,0.8495052427918
8934,1,1,0.9954049493303763
489,1,0,0.2844225815896513
8181,1,1,0.5108234019255968
2316,1,1,0.8363175493995743
1774,1,1,0.5108671840457045
6617,1,1,0.8311611166727251
7980,0,1,0.7418134876263106
8442,0,0,0.026000243123431233
3890,0,0,0.28871481442636837
3201,0,0,0.1604302384110317
1420,1,1,0.9819843980194168
80,0,0,0.22186198820498712
3476,1,0,0.1869320386606051
3670,1,1,0.6218713983379061
297,1,1,0.7586295231607249
3771,0,0,0.4282038559229031
4926,0,0,0.4681172354054315
7642,0,1,0.5789095542390094
3823,1,0,0.3159575838217282
9015,1,1,0.7312750124360523
4517,1,1,0.6776232262899083
2489,1,0,0.462752359007679
821,1,1,0.7872424022948256
6355,1,0,0.07947786961057988
9288,1,1,0.996015386222976
6218,0,0,0.24475947962097078
8924,1,1,0.9074694815829675
4109,1,1,0.6391996950803899
5510,0,0,0.2611460809628404
2620,0,0,0.24821723924314765
2475,1,0,0.47954655618818304
8047,0,0,0.338158846521968
8183,1,1,0.5964836159503674
8336,0,0,0.02984844924671182
5797,0,0,0.04011875992099392
2121,1,1,0.8394098840388579
6221,1,0,0.20809436474471985
1349,1,1,0.8228120511498788
4895,0,1,0.5671404670340853
359,1,0,0.07547508635936269
5436,0,1,0.6284570916035207
1047,1,1,0.7806825529935589
9323,1,1,0.9952805168593072
3319,1,0,0.4583814143712937
6328,1,1,0.5944780756494551
6800,1,1,0.7576921579016113
5090,1,1,0.8128950706284983
8569,1,1,0.9390516353444017
8977,1,1,0.6962094878964814
4579,1,1,0.8164305202537785
413,1,1,0.6164422620012874
2389,1,1,0.7522427519971546
574,1,1,0.8297549288558683
3865,1,0,0.23784232764911933
5498,0,0,0.174927664388541
6714,1,1,0.9837449087464674
4168,0,0,0.19308123858302298
9302,1,1,0.8505541812647901
7448,0,0,0.06807368998160925
2045,1,1,0.5158841369691438
4750,0,0,0.1375128450206895
7139,1,1,0.8787157115672275
8214,1,0,0.4558213363400734
6573,0,0,0.06889376829883229
4303,0,0,0.34017025936906203
9547,1,1,0.9985288984337677
2271,0,0,0.4381590824353752
6866,1,1,0.9740227332654855
8316,0,0,0.00026045233814810695
1181,1,1,0.8660874751874325
2799,1,1,0.7517661388364577
3819,1,0,0.4959342445486748
4331,0,0,0.2195731691214118
2633,1,1,0.6623561454272641
3172,0,0,0.35986531960362733
2675,1,1,0.8660874751874325
5356,0,0,0.31485998967466994
8185,1,1,0.8811739441825417
7761,1,1,0.9187977246417285
7080,0,0,0.36235179348856966
7838,0,0,0.20330823460781416
3193,1,0,0.1628300244127881
1308,1,1,0.5475712553264073
8362,0,0,0.13878157927712523
2055,0,0,0.23228973145321763
2276,1,1,0.6788440923937161
3217,1,0,0.027053520449148088
9040,1,1,0.9046931308064469
4122,1,1,0.832862659433159
1780,1,1,0.9600388206599342
5953,1,1,0.6850369979425853
4088,0,0,0.08614519467027139
1013,1,0,0.37272630625425246
3714,0,1,0.5095793036950175
3855,1,1,0.5352085067702201
2122,1,1,0.8347490083293786
8089,1,1,0.6619970028356084
8860,1,1,0.9701340206724939
7045,0,0,0.07841498256449023
5976,0,0,0.10183064273014543
7099,1,0,0.4440861218542666
799,1,0,0.47175595814541843
5639,0,0,0.3848142745861588
5773,0,0,0.4289640600361585
2690,1,1,0.8132546826928903
5957,1,1,0.8660874751874325
3290,1,0,0.36149324211237227
5445,0,0,0.46179403519165746
5277,0,0,0.44660315696771097
1330,1,0,0.4376881892976753
3372,1,1,0.8150308099509659
1324,1,0,0.32296888201652657
4867,0,0,0.03853293412069293
621,1,1,0.8651815110312732
5963,1,1,0.7968521355755448
2224,1,0,0.389526262654797
3861,1,0,0.3154998702886001
7197,0,0,0.051932901141513485
3104,1,1,0.9497141412703428
7134,1,1,0.8338255641658701
3526,1,1,0.6429539579188941
8417,0,0,0.14428503106322443
9293,1,1,0.9091609826022152
9086,1,1,0.9958401565640848
2767,1,0,0.06479472635714582
3928,1,0,0.30471877731124786
336,1,1,0.8352864861188773
5435,0,1,0.5551341519253048
3383,1,1,0.9291121460931063
4654,0,0,0.0027493939565861004
377,1,0,0.4271881510268238
189,0,0,0.2619701305196323
8125,1,1,0.5843599941585046
7569,1,1,0.8612093426002229
7697,1,0,0.22343598317822608
7647,0,1,0.6188303620737083
8726,1,1,0.9973735724587764
8912,1,1,0.6686180688039981
3721,0,1,0.7364601222563331
3139,0,0,0.2209541600001338
1664,1,1,0.741316835545102
932,1,1,0.9619964149898795
7703,0,0,0.36047233608823737
4770,0,0,0.1971169349590419
8290,0,0,0.0024739280196258984
1425,1,1,0.8894397927795178
3560,1,0,0.0956092460959703
2741,1,0,0.08935068422948769
5179,1,0,0.3422246310478397
3365,1,1,0.8495052427918
291,1,1,0.6391854889895703
4717,0,0,0.34357225707077826
4880,1,1,0.8170779113280062
4501,0,0,0.11036953416927212
556,1,1,0.7497090474713927
1177,1,1,0.7263972605326529
6109,1,1,0.7995945678563036
641,1,1,0.7519054496935156
3129,1,1,0.8583909259539279
7796,0,0,0.3064896230394859
9012,1,1,0.936028131137779
4372,1,1,0.6493897121984092
3242,0,0,0.030464181907129538
2718,1,1,0.644145051103652
3957,0,1,0.552627967648479
2586,1,1,0.5698611209698589
9311,1,1,0.9911867387674997
5730,0,0,0.3149447750744794
8856,1,1,0.9869589163127007
411,1,1,0.9964519054396059
2477,0,1,0.6104703860585137
5512,1,0,0.17173469537018463
4956,0,0,0.01189168634227408
6896,1,1,0.9831247379521512
7633,0,0,0.44032413768009504
1406,1,1,0.7191908175094205
8493,1,1,0.9486652887730399
9519,1,1,0.9930947784458232
3397,1,1,0.7992121651261314
3375,1,1,0.7658949384434961
8459,0,0,0.01341842604681463
9524,1,1,0.9772287351827398
3718,0,0,0.23104505868882463
8259,1,1,0.9278929349715209
1009,1,0,0.4145481205685358
8076,1,1,0.832545870965406
4843,1,0,0.4542127181919449
7022,1,0,0.30939244577887826
2191,1,1,0.7687846443296685
9130,1,1,0.9246718709687642
7234,0,0,0.03475170071878489
8585,1,1,0.9957108121624944
5965,1,0,0.017146224703864284
491,1,1,0.6828199660178099
1242,1,1,0.7227721040277713
3929,1,1,0.5331164133674844
5290,0,0,0.21240777666929048
5682,0,0,0.15244902757484305
2449,1,1,0.7882281920041777
6129,1,1,0.7597465494156265
9388,1,1,0.9789025053856585
3849,1,1,0.6315561214931936
3096,1,1,0.9105206646208669
9091,1,1,0.994603653791597
4494,0,0,0.0676375961666199
797,1,1,0.8843489505666372
3251,1,1,0.9894815009138715
3230,1,0,0.39997714103864845
7664,0,1,0.5459776846572539
2898,1,1,0.981613117064354
694,1,1,0.7384588098538619
4267,1,1,0.7902440485027576
3374,1,1,0.7047207425813323
9056,1,1,0.9965830705817434
6318,1,0,0.12839032066874928
4274,1,1,0.9369611147594541
6060,1,1,0.9819843980194168
2822,1,1,0.866813872075329
661,1,1,0.9558671442662011
2919,1,1,0.8173516795783928
4761,0,0,0.2683906701324969
7770,0,0,0.000584229309134564
3592,1,0,0.2323183370583962
7524,1,1,0.9369272809181811
4022,1,1,0.6132150284364608
2250,1,1,0.6099878390925744
1590,1,1,0.6290056962944134
5697,0,0,0.1351720762863522
5966,1,0,0.09371539489385225
9334,1,1,0.9983639316121187
3089,1,1,0.7527847493225028
5555,0,1,0.5728341138470462
8188,1,0,0.25716579795227607
5071,0,0,0.020906451872620083
1540,1,1,0.7324930307669465
2239,1,0,0.30546268006265515
7162,1,0,0.2209541600001338
1870,1,1,0.685116596337153
4281,1,1,0.8136336886717446
2143,1,1,0.5455896188769587
4596,0,0,0.34914730327114013
6691,1,1,0.8168016459237064
1,0,0,0.07786901553765144
1579,1,1,0.8157428848839495
6016,1,0,0.05697216913285335
8537,1,1,0.6191643127195894
4978,0,0,0.4266598456785025
4881,1,1,0.9392484348799871
8777,1,1,0.8875079549812025
8717,1,1,0.9813111398662171
4833,1,1,0.6908384880914586
6611,1,0,0.4394990637497343
523,1,1,0.6416045951010079
8740,1,1,0.9957796729225038
3385,1,1,0.938705496649584
7478,1,0,0.23078118824576485
692,1,1,0.5500583211775185
2069,0,0,0.012581652504633948
1804,1,0,0.3963889256026642
2693,1,1,0.8758518542555241
1104,1,1,0.829481620616889
7148,1,1,0.9559641462522394
3515,1,0,0.06591655406382149
3990,1,0,0.41454812056853635
1281,0,0,0.08935068422948769
410,0,1,0.5587576567740694
4607,1,1,0.7055391682863342
8266,1,1,0.7588039862150362
2373,1,1,0.52961435013158
49,0,1,0.5782895587276594
447,1,1,0.6986720143683076
7216,0,0,0.3741690885908685
6881,0,0,0.014648154540818394
7732,1,0,0.3491024658417269
7637,0,0,0.28884707919754304
9508,1,1,0.9922741633486629
5455,0,0,0.44544088699908563
4132,0,0,0.15238879062283037
37,0,0,0.13257299193865074
8664,1,1,0.9332565778982551
2871,1,1,0.9819843980194168
300,1,0,0.06436967672871928
4236,1,0,0.4975063745512526
7227,1,0,0.467162160798574
7217,0,0,0.12694778443766014
3485,1,1,0.901102334505806
1705,0,0,0.2248144246006217
1970,1,1,0.962772730798487
3074,1,0,0.15826586452249897
4661,1,1,0.9979800864411446
2320,1,1,0.7735214318825057
6092,1,1,0.9821128130834903
2438,1,1,0.9392484348799871
6131,1,1,0.8339705359339501
6140,1,1,0.8039508520566617
9148,1,1,0.561710610896013
213,1,0,0.4928669943897499
5547,0,1,0.9217464861520555
5288,0,0,0.0726537304194642
3975,1,0,0.434124309750392
9010,1,1,0.9984953413323817
5463,0,1,0.9992406881288922
7057,0,0,0.224065534797773
3792,1,0,0.14959284251178104
2840,1,1,0.8821520424227188
2508,1,1,0.6735237655568996
5579,0,1,0.9566761255734831
1722,1,1,0.8917000832105717
2959,1,1,0.7995945678563036
2687,1,1,0.9288083220971848
7101,1,1,0.6096598284759952
3971,1,0,0.3430698256207418
6062,1,1,0.9265118685545293
893,1,1,0.6264085094939389
5091,0,0,0.42146707074098894
7679,1,1,0.9936342742755626
371,1,0,0.4375243030997845
6745,1,1,0.8009856620254487
8840,1,1,0.7839455359746192
8926,1,1,0.9556770330096626
9167,1,1,0.7955221368992729
3569,1,0,0.12779504341541906
939,1,1,0.6217384778886406
5974,0,0,0.08791228433667983
6643,1,1,0.6768931014600442
5011,0,0,0.23035108148830238
2215,1,1,0.7307192249732788
7242,0,0,0.4838734196327434
8021,1,1,0.8524199521217395
7229,1,1,0.9493129708166032
5013,0,0,0.03599690336696765
2199,1,0,0.18818641196656155
5685,0,0,0.240875226447638
3514,0,1,0.7856744355077045
4950,1,1,0.8935213650088963
4006,1,1,0.9844428198856778
7630,0,0,0.31826740122938096
8884,1,1,0.5792902004810668
5861,1,1,0.8091180107083785
6824,1,0,0.46781622608077505
1271,1,1,0.9823255807622513
5611,0,0,0.054601951720104853
437,1,1,0.7881630054316346
3747,0,1,0.6190042272765311
3838,1,0,0.47256704739363
6864,1,1,0.999148201130299
1050,1,1,0.9266304089904572
1114,1,1,0.8415723707430508
7076,1,1,0.7462993357813553
1226,1,1,0.8280476076043642
7981,0,1,0.9141858459587069
3577,1,0,0.18818641196656155
1788,1,1,0.9607290683231519
2277,1,1,0.7352257866346468
5347,0,1,0.5697916952765264
4125,0,0,0.06078291988314181
6712,1,1,0.9648416613854123
7035,1,1,0.8333369054460673
8440,0,0,0.2732885528129044
1373,1,1,0.9823014666142291
4565,1,1,0.5484751162711453
7151,1,1,0.6830677498323653
2985,1,1,0.8339705359339501
53,0,1,0.641608102942669
1562,1,1,0.5667544817013167
2673,1,0,0.08614519467027174
5373,0,0,0.0598849049567718
8114,1,1,0.7999406355400441
2863,1,1,0.7446501214163038
4636,1,1,0.8430306757951698
4947,0,0,0.4613129303134258
9504,1,0,0.0037437308845519168
5109,0,0,0.1762702023623319
209,0,0,0.45682994762729634
5318,0,0,0.1847730661975723
7386,1,1,0.5744526557834247
1137,1,1,0.8474975261550524
6575,0,0,0.2949023463526977
3353,1,0,0.1821188610879412
7810,1,1,0.7780782014472313
7434,1,1,0.5756166783106081
5098,1,1,0.5706590062574405
4313,1,1,0.806483062731498
8804,1,1,0.8569386759301753
6733,1,1,0.8937382534511331
5671,0,0,0.49052232979826876
4389,0,0,0.0719852963370232
3131,1,1,0.9489567497417949
4753,0,0,0.023701667117579317
9197,1,1,0.9900850246999581
6783,1,1,0.8135676798758202
8443,0,0,0.18985180175727698
3296,1,0,0.39056217768930346
8791,1,1,0.9712359334136268
2945,1,1,0.9869589163127007
7444,0,0,0.0606595273237299
2608,1,1,0.9327961587351713
4228,0,0,0.32235461808299753
96,0,0,0.10798447115019984
9539,1,1,0.998095941246314
7005,1,0,0.3055815291462842
6158,1,0,0.014755902818759714
4885,1,1,0.9497440508762196
5583,0,0,0.07710975375518136
7918,0,0,0.40331100820008264
1821,1,1,0.9643318884106311
6275,1,0,0.49586333402841887
4025,1,1,0.6551878787497915
2581,0,1,0.6741923765366501
8027,1,1,0.6946008069979334
1388,1,1,0.5699727341291995
9318,1,1,0.9972431767152627
5673,0,1,0.5224177875875968
5556,0,1,0.9387703417523309
3963,0,1,0.5911505293543475
1609,0,1,0.6222988298869357
5061,0,0,0.30378261082156227
8079,1,1,0.905955764449239
2844,1,1,0.9064893064919165
2516,1,1,0.879659840046977
8221,1,1,0.6377944073215551
8818,1,1,0.9616772197074993
813,1,1,0.6078310839716506
7791,0,0,0.17122459625766764
8223,0,0,0.2817724968732866
5917,1,0,0.16332823287931086
3500,1,0,0.03274648063722156
754,1,1,0.6287527888424774
9235,1,1,0.9972615855329207
1720,1,1,0.6391186189614155
1297,0,0,0.00391481018415904
1854,0,0,0.02856789161390951
2473,1,1,0.7069086669107486
426,1,0,0.4365704498932551
8312,0,0,0.30357191019821944
3000,1,1,0.7462993357813553
881,1,0,0.4807005151289883
1364,1,1,0.9922741633486629
5027,0,0,0.1811939208846379
2067,0,0,0.13975309448615386
2004,1,1,0.9589223560704928
7465,1,1,0.5651990587180029
4915,0,0,0.19605098568729884
6848,0,0,0.17143401178863493
8875,1,1,0.98989708891078
8870,1,1,0.9949738328315744
1301,0,0,0.014648154540818394
513,1,1,0.877016104700069
9078,1,1,0.9206216990924259
8566,1,1,0.9919593497809299
7773,0,1,0.6508524734284256
2788,0,1,0.5539148989724687
5928,1,1,0.7499662603820574
4808,1,1,0.7542512705801742
3412,1,1,0.8021696820157931
8237,1,1,0.7879808578627298
7445,0,0,0.05361656270416893
2520,1,1,0.8571109968008275
8294,0,0,0.13525703800395986
9546,1,1,0.9724237797790053
8051,1,1,0.9032530876259703
873,1,1,0.8134667234924073
7535,1,1,0.5296143501315805
8698,1,1,0.8674636823924935
6137,1,0,0.13018333891400327
1194,1,1,0.8563028594316968
6983,1,1,0.6981950053955894
8607,1,1,0.9924980956761861
1994,1,1,0.6836505172339956
8933,1,1,0.9312633236867073
8231,1,1,0.8807806267779356
1513,1,1,0.7995945678563036
2794,1,1,0.7477377246492148
7994,0,1,0.5587576567740694
4940,0,0,0.26394129218235585
8671,1,1,0.9813981913989336
7056,1,1,0.6961766612769652
5502,0,0,0.16170591344999546
6596,1,1,0.7864569376335447
4669,1,1,0.8744863079669326
5018,0,0,0.2985082442959856
7853,1,1,0.768238443698401
6056,1,1,0.9169776238067175
5328,0,0,0.03846631310378698
4939,0,1,0.5415715906507669
2228,1,0,0.3058579709956845
1120,1,1,0.9863647593665431
8154,1,1,0.948644226316908
9422,1,1,0.9998731173424017
4295,1,0,0.11619968807994432
7750,0,0,0.3055648164261537
8247,1,1,0.845644143457245
7613,0,1,0.6505524681889314
6591,1,0,0.452805549319631
1991,1,1,0.8436062315014003
3996,1,1,0.5517842412761489
417,1,1,0.6410738860568593
3965,1,1,0.8603197620374841
7802,0,1,0.8385956744436673
7685,1,1,0.8488623562236084
2853,1,1,0.8824986183566546
2022,0,0,0.13195494609988134
8803,1,1,0.5222724468648596
2981,1,1,0.7781848799467592
5641,0,0,0.04887824102580344
4696,1,1,0.9381441176686993
2374,1,1,0.8949929984461003
5531,0,0,0.3007758460110165
4943,0,1,0.6824432034783019
2728,1,1,0.8346148285989966
4539,1,1,0.6685058321093041
5019,0,1,0.5141677411850624
9159,1,1,0.9292152210421554
2609,1,1,0.916415287850654
7522,1,0,0.3401398361512676
8096,1,1,0.6978655174794631
7381,1,1,0.9295270484845791
2190,1,1,0.5529670791080403
2897,1,1,0.6415565874690331
6015,1,0,0.058118816462937144
4266,1,1,0.9844146843361838
8864,1,1,0.9748670852132592
3410,1,1,0.8205545074774435
9000,1,1,0.9119981656834917
9149,1,1,0.9974837795832623
6569,1,0,0.12831388673519228
1767,1,1,0.9585436803055908
7609,0,1,0.6029319050970545
4231,0,1,0.5707978779316766
8339,0,0,0.000727459935985463
1206,1,1,0.7939724834682718
2544,1,1,0.8934947301149644
1131,0,0,0.09967715608909952
5680,0,0,0.34054715128656676
4813,0,0,0.01204898794002908
8563,1,1,0.9630382642093368
8930,1,1,0.8009885048723463
2474,1,1,0.7427041010682606
9246,1,1,0.8876633726275277
8993,1,1,0.9275625610052123
3090,1,1,0.8914238626141854
4241,0,0,0.2240655347977738
5283,0,1,0.6409514020383726
4439,0,1,0.5649345694530312
4465,1,1,0.701421908980803
7947,1,0,0.3343763355866624
4383,1,1,0.990442474323466
5199,0,0,0.32160169949261275
7110,1,1,0.875182742883084
6803,1,1,0.5245853047482382
5786,0,0,0.20975349605560567
2555,1,0,0.15437363667463824
8468,0,0,0.15727473455132934
8164,0,0,0.39032041113710264
6580,1,0,0.3450415223268877
9417,1,1,0.9102802619834547
6190,1,1,0.7149231824148148
2765,1,0,0.082892972191092
3942,1,0,0.28724761040277635
3981,0,1,0.5373347619380473
6780,0,0,0.18569531968385475
4157,1,1,0.534288173426506
6713,1,1,0.9648416613854123
6046,1,1,0.683481891787571
1512,1,1,0.8270607686074463
2487,0,0,0.3166653804055178
3312,0,1,0.5300009240823228
4516,1,1,0.7114934499116508
8284,1,1,0.6594869770226301
4280,1,1,0.981613117064354
1999,0,0,0.13820993926671743
4,0,1,0.8018935291926957
9545,1,1,0.8257067560386959
133,1,0,0.396297907572723
1350,1,1,0.8576160872173404
1352,1,1,0.8591170232208899
3038,1,1,0.767090858543724
8627,1,1,0.8829419779257732
5039,0,0,0.34988243391986396
4961,0,1,0.736322722172154
3343,1,1,0.9786896679915281
5570,0,1,0.8334407258641251
4324,0,0,0.2182586521843145
2860,1,0,0.49653520926582834
5534,0,1,0.8175040176278566
6632,1,1,0.7882046735226415
6529,1,0,0.0606595273237299
6070,1,1,0.9345966393411881
6539,0,0,0.028180531099757156
8920,1,1,0.7705510753990097
679,1,1,0.682026583449998
3952,1,0,0.22630604148464087
4774,0,0,0.03873642310062215
7986,1,0,0.38041644433631794
7337,1,1,0.6672625918708538
7962,1,1,0.9253248308538868
480,1,1,0.8624204913941208
1656,1,1,0.8867048064644703
7481,0,0,0.16910950132110647
6488,1,1,0.958922356070493
2312,1,1,0.836792880337784
4405,1,1,0.8873792541050771
174,1,0,0.3671746054326001
5182,0,0,0.22058985356579625
3125,1,1,0.9672658220375031
8543,1,1,0.9901220709159282
645,1,0,0.44188769304367914
4240,1,1,0.8744863079669326
506,1,1,0.6545244347967913
4670,1,1,0.8468162050185954
1403,1,1,0.8733963386119165
8036,0,0,0.33957755688361885
3063,1,0,0.2933828235900823
9161,1,1,0.9305122412998839
4637,0,0,0.0480773407637605
8118,1,1,0.6268783685809721
5082,0,1,0.6923074098069991
323,1,1,0.6667647580849385
1782,1,1,0.5864583275608599
8944,1,1,0.7143196363768543
3531,1,0,0.02233630270468209
1981,1,1,0.5316842380828809
2028,1,0,0.4778067084686683
4900,0,0,0.4016328284341838
8377,0,0,0.29374583458242476
6037,1,0,0.26689828134122234
16,0,0,0.22209445210657616
7472,1,0,0.20258926038307634
3046,1,1,0.8271689613397202
3691,1,1,0.9300402019606009
8570,1,1,0.8007391553686553
2317,1,1,0.6195386849542098
9380,1,1,0.8857490195467874
6053,1,1,0.8741189026878784
3207,1,0,0.02856789161390951
352,0,1,0.7566841582144247
5708,0,0,0.08477584963080108
3763,1,0,0.1911730293691808
8249,1,1,0.6691634436427459
4213,1,1,0.8773111073485301
9137,1,1,0.9958884778482477
543,1,0,0.4756743552008925
457,1,0,0.2889037232280675
7347,1,1,0.8650066571244054
424,1,1,0.6170923704478981
4757,1,1,0.990442474323466
5156,1,0,0.3999771410386498
4226,1,1,0.8876633726275274
1174,1,0,0.2699307236029871
5461,0,1,0.5197909774478575
8634,1,0,0.46951486051971575
2371,1,1,0.8255164946176329
39,0,0,0.1817040406333448
7883,1,0,0.3309438603377831
4287,1,1,0.7834778629559292
1346,1,1,0.9692150637216799
5047,1,1,0.8070098893092581
7136,1,1,0.6487516304192517
2346,1,1,0.9060926999452138
4535,1,1,0.5162426427684377
6739,0,0,0.1941946208633062
7977,0,1,0.6013827654793216
3234,1,0,0.41163119194698583
8023,1,0,0.4225307548548262
4379,1,0,0.4448912533164311
1408,1,1,0.8243795195423926
9242,1,1,0.9233412810360447
4078,1,1,0.5266560210459659
2098,1,0,0.4044513466270558
6189,1,0,0.27938924314959757
782,1,1,0.874569727795817
7159,1,1,0.8743862163021193
3745,0,0,0.3879171784862402
5138,1,1,0.9187971225260776
4145,0,0,0.050514699855848604
4748,0,0,0.08785634026243813
1878,1,1,0.5848936080266011
9502,1,1,0.9992792405710932
1189,0,0,0.003732932212152191
8136,1,1,0.8131809599911076
5374,1,0,0.13777130850531644
1689,1,1,0.8691313099761606
8056,1,1,0.8326575123949688
6253,1,1,0.9550564906490323
5146,1,1,0.8475300825431268
5519,0,0,0.24618347290720463
9401,1,1,0.917836402820494
3609,0,1,0.5585493248849235
8958,1,1,0.9931833690221331
8419,0,0,0.20169103232045874
8931,1,1,0.9988227525431952
6385,1,0,0.3673470615686507
3400,1,0,0.4642268778107169
3556,0,1,0.7090391268048747
8855,1,1,0.8200911861906961
7622,0,1,0.6842931300572583
9543,1,1,0.9948495463978607
8696,1,1,0.9956692157513689
9038,1,0,0.46542321005855547
5985,1,1,0.9823255807622513
190,1,0,0.03582582697695141
7722,1,1,0.5996293093506777
8319,0,0,0.07620198850700345
6079,1,1,0.5599378101747023
5625,1,1,0.5982698440203165
924,1,1,0.6611546662615102
6110,0,0,0.0976482765918094
2766,1,0,0.1541911694020403
4524,0,0,0.016663075300861217
4072,0,0,0.08277729352007726
4288,1,1,0.7418280074321999
163,0,0,0.14316049859829677
7710,1,0,0.3721982194651106
5495,1,0,0.2485990837922235
3672,1,1,0.9189901377052506
6850,1,0,0.37962276241364634
1686,1,1,0.9694542169332852
505,1,1,0.9375298315466357
6532,0,0,0.06725920180732843
2480,1,1,0.8612093426002232
7393,1,1,0.958922356070493
5190,0,0,0.34153866646653935
3941,1,0,0.28724761040277635
1893,0,0,0.12694778443766014
3546,1,1,0.8402521675278571
8025,1,1,0.8605299208017643
4029,0,1,0.6890591971287672
2380,0,0,0.17691781012000615
7912,1,0,0.1338600271181459
6192,0,0,0.29898115195698133
935,1,0,0.1033661501309932
159,1,0,0.37585451150495386
3282,1,1,0.8821778566887579
2035,0,1,0.7573483263826937
3105,1,1,0.9559641462522394
8555,1,1,0.9941640593705979
8624,1,1,0.9525265657819191
4810,1,1,0.9161325804552876
5573,0,0,0.26404172311385
2236,0,0,0.1673106117744293
8670,1,1,0.9508487820768328
4848,1,1,0.6429539579188935
8382,0,0,0.18211886108794148
6152,1,0,0.4455001503684566
2870,1,1,0.7994752348066003
1056,1,1,0.9073889335290594
3797,0,0,0.24315940114842027
3601,1,1,0.5294651468362331
4759,1,1,0.5087854059512316
7510,1,0,0.4173098527911716
6588,1,0,0.05915261584746656
4995,0,0,0.23445067340388068
3596,1,0,0.11725631683116972
9014,1,1,0.9168034042440549
5159,1,1,0.7974836966806971
2362,1,1,0.7426008895861106
7245,0,1,0.6624315555412394
6929,1,1,0.9644198654637258
7265,1,0,0.37970837412052466
564,1,1,0.6293716699466126
8484,0,0,0.07998915753309432
7533,1,1,0.6983274735241257
7371,0,0,0.01212166523368686
6033,1,1,0.914683551978195
4840,1,0,0.18693203866060504
418,1,1,0.8107059776496847
1500,1,1,0.6090446570242734
4991,1,1,0.731529363970979
7649,0,1,0.8144224505783867
773,1,1,0.9653793380037381
5352,0,1,0.7639299618984066
6304,1,1,0.8719672984982297
533,1,1,0.6494662878054389
5201,0,0,0.1530177749922372
2230,1,1,0.8073251094611664
1923,1,1,0.5813176140404214
3452,1,1,0.6760283152792524
290,1,1,0.6391854889895703
1588,1,1,0.6551994258449971
3851,0,0,0.10986208112363113
5561,0,1,0.9170950931141353
7264,1,1,0.5430966473243026
2930,1,1,0.9758418052952802
675,1,1,0.7075932416958067
5329,0,0,0.058071944643364216
3409,1,0,0.14182525071815608
3148,1,1,0.9054271383647242
2421,1,1,0.7217009998949716
2735,1,1,0.9621891290669509
4027,1,1,0.9741758536378324
4570,0,0,0.27738267742795264
343,1,1,0.6785092824376694
4615,1,1,0.5245853047482382
1368,1,1,0.8218496036923965
8769,1,1,0.9343699779841916
9381,1,1,0.9369611147594543
4136,0,0,0.05811881646293724
7405,0,0,0.08254501280909758
2626,1,0,0.46877912722097764
3786,0,1,0.5934356036299198
8108,1,1,0.9614804447792447
4105,0,0,0.16284370276519342
4012,1,1,0.6989746661478501
9214,1,1,0.5675194450103825
1919,1,1,0.9661555466237394
1933,1,0,0.49674910684837553
6829,1,1,0.8975378141065957
5714,0,0,0.15102684814430126
5377,0,1,0.6969219662081018
8413,0,0,0.06845743882085868
5368,0,1,0.7825417482172342
3356,1,1,0.6656138714554253
4336,1,1,0.8867048064644703
2426,1,1,0.6787433147109956
4625,1,1,0.8883781419247584
5249,0,1,0.5711336040352052
1501,1,0,0.4852728449668353
2029,0,0,0.0680788614694575
8370,0,0,0.14686509717004653
7297,0,0,0.11129102780337871
6047,1,1,0.8218496036923965
626,1,1,0.7980056571392345
7257,0,0,0.18514979690165242
7839,0,0,0.00640037501478769
4737,0,0,0.21118252255201111
1098,0,0,0.16332823287931073
1235,0,1,0.765605318130176
8470,0,0,0.16332823287931067
2573,1,1,0.5993354623987989
5107,1,1,0.6245592141837205
3593,1,0,0.4731762754860898
2295,0,0,0.302632006433074
1947,0,1,0.5300009240823228
857,1,1,0.9827376766292778
7455,1,1,0.9928836046355084
2731,1,1,0.998869523651626
4082,1,1,0.7337321474630266
6242,1,1,0.8555416586804563
3943,1,1,0.7414116168704453
9090,1,1,0.9161422278116883
6823,0,0,0.1137185150454847
3801,0,0,0.17050895750040373
1516,1,1,0.9525524441430421
5389,1,1,0.5718608359501668
8330,0,0,0.037929845513768976
4648,1,1,0.8818484241216168
5036,1,1,0.5402572763437102
9222,1,0,0.275549169654917
2604,1,1,0.8587774988688057
9329,1,1,0.9962352474281642
9322,1,1,0.9923991026791159
391,1,1,0.9559641462522394
4988,0,0,0.023104357549547896
2385,1,1,0.7193343826870844
8530,1,1,0.9589309466686682
6402,1,1,0.7105421290686964
8735,1,1,0.9517820427040117
344,1,1,0.8326575123949688
3759,1,1,0.8277338702131214
3538,1,1,0.9988866547311462
1958,1,1,0.8122428971257729
3902,0,0,0.42715220591383424
7299,1,0,0.48296274102843106
5710,0,0,0.26095256330938604
1379,1,1,0.8740679853806369
1953,1,1,0.7337552287242227
3930,0,1,0.6369650953873476
4905,0,1,0.7775850454700917
140,1,1,0.573319879179923
6645,1,1,0.8575371441315912
3276,1,0,0.21912027688352975
6826,1,1,0.9615111233263908
9085,1,1,0.9971511227420506
9581,1,1,0.9505550939859423
5571,0,0,0.3844641560996591
9131,1,1,0.9122947239169047
731,1,1,0.93905205239309
5806,1,1,0.7730016019969839
849,1,1,0.8313881931437854
7129,0,0,0.2815905008011878
2361,1,1,0.9053972419916652
8093,1,1,0.8609592638020924
6982,1,1,0.977647292813063
3972,1,0,0.44174933833481583
1109,1,1,0.7825234048111637
8429,0,0,0.3274785463486522
5101,0,1,0.7639299618984066
2838,1,1,0.9823014666142291
841,1,1,0.5554723612087346
2377,1,1,0.8002544565277586
1072,1,1,0.7463412731234162
8128,0,0,0.3400116973797014
6702,1,1,0.5126948734696789
3023,1,1,0.7625306421076703
8907,1,1,0.9882508555087435
7424,1,0,0.2698329231546165
2154,1,1,0.7931627803976895
9518,1,1,0.9803116534873475
5284,0,0,0.44921478583934077
5105,0,0,0.12636573991642963
2287,1,1,0.7637354093574018
6250,1,1,0.9278815534801533
4949,0,1,0.5399452030637077
4388,0,0,0.01308224240513083
129,0,1,0.604563339937641
2027,1,1,0.5744526557834247
38,0,0,0.3688764294041801
3852,0,0,0.3686168083360166
211,1,1,0.7742627672567998
4569,0,0,0.15605293764540365
6368,1,0,0.4206765163400569
5887,1,1,0.829481620616889
8447,0,0,2.2213156661540025e-06
8581,1,1,0.7977225850378875
6997,1,1,0.8707718944272919
8646,1,1,0.9589223560704928
6624,1,1,0.7257771412263166
5653,0,0,0.05695667572465315
4590,1,1,0.9863647593665431
2742,1,0,0.1395672418807149
2951,1,0,0.022637145732793667
3166,1,1,0.6980185130612792
453,1,0,0.3375553244479263
3313,1,1,0.7380593952576022
5581,1,0,0.46276345914198574
2909,1,1,0.8403006027082439
2286,1,1,0.6335029010028426
1290,0,0,0.12290114617424779
1755,1,1,0.7822715799285984
8474,0,0,0.06633490099991038
4646,1,1,0.9677893805152133
8509,1,1,0.8929522901307525
6906,1,1,0.8377583076578953
6000,1,0,0.12568401112085817
5517,0,0,0.019702931579508618
3614,1,0,0.061049278160066806
2678,1,1,0.8975378141065958
8718,1,1,0.953630888771341
6437,1,0,0.012048987940028889
398,1,0,0.48337330430949865
7327,1,1,0.7071720414919077
5640,0,0,0.20710319145722336
1093,1,0,0.4588223320882947
1199,0,1,0.5206981376624463
8313,0,0,0.3008865048733349
6669,1,0,0.15047159299609103
4641,0,0,0.12290114617424762
8365,0,0,0.13956724188071523
7959,1,1,0.930833391801189
6091,1,1,0.5065149025593526
5568,0,0,0.173140109055082
2019,0,0,0.20760324909771322
2744,1,0,0.12290114617424779
6650,1,1,0.9726123095954899
7790,1,1,0.8590040173290983
9061,1,1,0.986987562504292
9437,1,1,0.9977421071188871
5184,0,0,0.3650139441563862
7570,1,1,0.8772857831631085
2997,1,0,0.14097573819907938
6528,1,0,0.07308171812517772
2493,0,0,0.47919201891056734
9383,1,1,0.9621891290669509
6741,1,1,0.5234142054551174
9321,1,1,0.9994692451259943
8598,1,0,0.438753081384542
5535,0,0,0.48779559205035394
6849,1,0,0.37962276241364634
6203,1,1,0.767090858543724
1124,1,1,0.9670943273276872
4238,0,0,0.1180886322869416
2273,1,1,0.7114934499116508
8420,0,0,0.20516242411332258
1453,1,1,0.981613117064354
4316,1,1,0.7104235017788014
6698,1,0,0.1339946475636564
7699,1,1,0.8875682569575155
4031,1,1,0.71721562950844
6159,1,0,0.29374583458242476
348,1,1,0.5724924822686829
8712,1,1,0.9642454496766437
6313,1,0,0.08785634026243813
1172,0,0,0.3079558705572001
6305,1,0,0.02856789161390951
8338,0,0,0.0647477771333079
668,1,1,0.5801470258250307
9512,1,1,0.7137845380027587
828,1,1,0.9306397163499551
9343,1,1,0.9933696001950415
2913,1,1,0.9491030684661642
4446,1,0,0.3673470615686508
532,1,0,0.2851204467603995
7911,0,0,0.25191275620862585
9300,1,1,0.9978927352406839
1608,1,1,0.7446501214163038
5703,0,0,0.20486836366209593
3182,1,1,0.6297786330642118
149,1,0,0.09660776566880114
1968,1,1,0.8216574555492479
2447,1,1,0.8256578407643025
5693,0,0,0.15473517423731786
2567,1,0,0.12603424001571764
6205,1,1,0.7435338235185078
8437,0,0,0.12839032066874928
8715,1,0,0.15658284988087398
3378,1,1,0.8284449620574108
1600,0,0,0.17937652540198767
23,0,1,0.710287097447474
8458,0,0,0.02450117681530813
9204,1,1,0.9919720461370276
7053,1,1,0.9814594873710041
6625,1,1,0.5795677418923948
5901,1,1,0.8587774988688057
8589,1,1,0.8748603519999687
7733,1,1,0.7734614045765397
4548,0,1,0.9247758870668136
7890,0,0,0.1553604183213676
1393,0,0,0.19226211479841235
4932,1,0,0.4558548126328604
379,1,0,0.43124198921932555
2446,1,1,0.8815918662067528
1275,1,1,0.9740227332654855
8513,1,1,0.9932296855274181
8170,1,1,0.7402275619385508
275,1,1,0.5523974105496827
5922,1,0,0.12782819899133258
2792,1,0,0.40305665671460755
9558,1,1,0.9318193037908111
994,1,1,0.8827350935243773
9551,1,0,0.00010866527805922422
3264,1,1,0.9501870725952886
8325,0,0,0.14341183470290536
4235,0,0,0.2726071714856525
3376,0,0,0.330857657023663
3211,1,0,0.053819272516824716
6704,1,1,0.9444535450640742
2410,1,1,0.6755701196868769
9313,1,0,0.45623379495587835
1671,1,1,0.9684743741274822
3620,1,1,0.9432574732666127
4782,1,1,0.9613352969379955
3576,0,0,0.1561386306258998
2417,1,1,0.8916304912163671
6796,1,1,0.7019216971468827
9475,1,1,0.9958875191918476
6576,1,1,0.718398181984238
7231,0,0,0.0008718094301140299
8310,0,0,0.3436455405550138
8358,0,0,0.07493900016546073
2020,0,0,0.4968695666097133
4534,0,0,0.45892910694615774
4704,1,1,0.8858266099705778
7073,1,1,0.6171481861370651
5728,0,1,0.6514409900606569
1637,1,1,0.7997316434650198
557,1,1,0.7431868231515026
3135,1,1,0.8225453344629913
1030,1,1,0.5357074280185968
6690,1,1,0.5325420110115596
1220,1,1,0.8883781419247581
990,0,1,0.9272854178097393
2188,1,0,0.41091065303310204
5385,0,1,0.5413491952950802
9465,1,1,0.6912897101215913
5894,1,1,0.9670943273276872
4093,1,1,0.8888113197747103
111,0,0,0.23055651211306366
7992,1,0,0.025233763246671394
2668,1,1,0.6503410470469768
2327,1,1,0.9620571382021865
8832,1,1,0.8363287337539302
5841,1,0,0.4145481205685359
7595,1,1,0.5687636938181759
1416,1,1,0.9644198654637258
306,1,0,0.19054981762845388
9162,1,1,0.9990137369244636
6280,1,0,0.08798581063527743
3733,0,0,0.392915563902614
1840,1,1,0.7199833783288331
1395,1,1,0.8697097691129148
1089,1,1,0.5615498315517156
11,0,0,0.39991292073737933
3360,1,1,0.525124795029773
3228,0,1,0.587358517170803
3986,1,1,0.6265065917715507
2484,1,0,0.2783436234570169
8360,0,0,0.27306922096988895
1764,1,1,0.9610671617227564
4319,1,1,0.8348179839665326
2657,0,0,0.2745398619797089
8983,1,1,0.9943844985273813
2511,1,0,0.3253132672308744
4948,0,1,0.5354861482469319
8961,1,1,0.9630825629865185
4665,1,1,0.8098865993488166
6845,1,0,0.25002600649657974
8811,1,1,0.9985542572130524
1184,0,0,0.07998915753309435
7112,1,1,0.929498024975428
3774,0,0,0.0885213292876795
5827,0,0,0.12617819429303895
5751,0,1,0.7169407945062228
1881,1,1,0.990442474323466
1584,1,1,0.8499847342794714
6450,1,1,0.8857490195467876
4577,1,1,0.8804966690988917
2504,1,0,0.33308861973965265
7781,0,0,0.11788097081801667
6912,1,1,0.9496872818961132
7403,1,1,0.7509837132720903
4865,1,1,0.8738098782760959
7218,0,0,0.1661973627246295
3262,1,1,0.664803770274701
6705,0,0,0.26342726593557403
1036,0,0,0.2288606579922875
6740,1,0,0.4588223320882947
3827,1,1,0.528090915243832
5516,1,1,0.5549103937781968
8395,0,0,0.29628043861000863
1642,1,1,0.6110510116797095
9550,1,1,0.8436062315014003
7194,1,0,0.07588002307174409
7635,0,0,0.49464864217115806
9548,1,1,0.9774006575820442
9378,1,1,0.8474975261550529
8069,1,1,0.840882291111401
7863,1,1,0.847904850429854
3037,1,1,0.9320102267362148
5819,0,0,0.04254167794669153
6010,0,0,0.007145797359963125
3968,1,0,0.4610043409682649
1772,1,1,0.8128983478887214
4789,1,1,0.8495052427918
3756,1,1,0.6061303945414068
8946,1,1,0.9932263686992084
3061,1,0,0.34357225707077826
5580,0,1,0.6479807480218819
3872,1,0,0.2488094778441326
3906,1,0,0.37264992165000954
3336,1,1,0.9764038276781132
8411,0,0,0.4338851447085999
4797,1,1,0.9350877619577334
611,1,1,0.6111380289021585
3858,1,0,0.3944620490391145
4791,1,1,0.8173151099121453
1116,1,1,0.8477180929732411
6743,1,1,0.8162947100660238
9198,1,1,0.9454602622053501
5263,1,1,0.729969229425224
6480,1,1,0.9022497143611108
2759,1,0,0.04882636853290853
1254,1,1,0.5230414438134863
7185,1,0,0.1604302384110317
5250,0,0,0.39869164454250017
1464,0,0,0.3055648164261537
4138,0,0,0.014648154540818418
8816,1,1,0.6161091512478901
428,1,1,0.8789625419909624
1943,0,0,0.05124807494915855
2284,1,1,0.6842455286775394
1785,1,1,0.8980267881650492
41,0,0,0.4738015616107537
7509,1,0,0.40468569895973144
7283,1,1,0.9613352969379955
793,1,1,0.5987988434422995
8073,1,1,0.9618440580450331
6121,1,1,0.5592071820628336
8536,1,0,0.3200203849319794
7656,1,0,0.44340902877998506
8602,1,1,0.9594971302351601
1359,1,1,0.9039530802576341
972,1,0,0.444549226435945
4984,1,1,0.7006971367568874
8235,1,1,0.6931813471023786
6644,1,1,0.8256578407643025
4606,1,1,0.9413629655105118
7877,1,1,0.6595518452251959
1554,1,1,0.8876484746631286
2349,1,1,0.7278876219228235
6302,0,0,0.21118252255201111
5017,0,0,0.23349099404277626
2258,1,1,0.746469905265927
9529,1,1,0.9981273647641267
8251,1,1,0.7408709720293759
4630,1,1,0.832862659433159
6377,1,0,0.2708026447425144
5552,0,0,0.20165120802641742
5139,1,1,0.9050546030076091
7120,0,0,0.20809436474471985
4683,1,1,0.567910565367736
4754,0,0,0.0690372189605835
7961,1,1,0.817651890404948
3625,1,1,0.8792777155485183
9421,1,1,0.9967696433266877
4604,1,1,0.7436814654272254
5630,0,1,0.6578110859228427
3447,1,1,0.5046613002998851
3218,0,0,0.1604302384110317
147,0,0,0.17730251070061268
5927,1,1,0.7487123378528125
1612,1,0,0.49538907329227
6631,1,0,0.45971201806784695
8423,0,0,0.3759574210962667
7420,1,1,0.7022761938959259
1400,1,1,0.8660737361799766
1138,0,0,0.16334769568480179
5592,0,0,0.13189925134057007
587,1,1,0.981249956029666
4920,0,0,0.11398629417510947
2384,1,1,0.6037871885514139
4658,1,1,0.683481891787571
8721,1,1,0.6737869952428548
1786,1,1,0.9323990216710294
8951,1,1,0.963254511935363
5130,0,0,0.18953740207280312
8122,0,0,0.48752433394782213
2300,0,0,0.02965503165914948
4101,0,0,0.3167564855922744
3553,1,1,0.6293935342560784
5689,0,0,0.20899540411790885
5401,0,0,0.3089669095971793
3012,1,0,0.27306922096988895
8936,1,1,0.9646019414168235
5469,0,0,0.3354345777819876
2811,1,0,0.13871975593310024
1866,1,0,0.13777130850531644
6440,1,1,0.8021696820157931
2337,1,1,0.9369272809181811
1034,1,1,0.5540322175874618
8644,1,1,0.9200248543790633
6067,1,1,0.7977225850378875
8606,1,1,0.9103069994636935
7886,0,1,0.9339052965059397
9117,1,1,0.9763529836692888
3416,1,0,0.2756578851427518
5112,0,0,0.29628532161776294
7542,1,0,0.21240777666929048
3995,1,1,0.5357074280185968
3222,1,1,0.8373557958991024
6316,0,0,0.13777130850531644
4424,1,0,0.057876342158673974
1938,1,1,0.7628768224555684
3030,1,1,0.9001618057892321
1845,0,0,0.27401384716560073
3219,1,0,0.08831907612218544
298,1,0,0.1295676704431281
7355,1,1,0.7969508457348494
8763,1,1,0.9835417950618314
5790,0,0,0.4318159834640388
2044,1,1,0.7424782976769523
3231,1,0,0.3581649722915607
3911,0,0,0.09507415144436633
713,1,1,0.5217256737045173
5004,0,0,0.28781643969767656
6196,1,1,0.7046541794733951
2836,1,1,0.9995378318480332
1826,1,1,0.7705147648118772
5387,0,0,0.1319549460998818
8654,1,1,0.8600142267176732
2123,1,1,0.8475376065679094
4097,1,1,0.8883781419247584
8600,1,1,0.7508652262943732
1791,1,1,0.95078554721175
8672,1,1,0.7718321493897573
4330,0,0,0.22366730319653969
8841,1,1,0.944170579121349
877,1,1,0.7887117993245899
2855,1,1,0.8744863079669326
3361,1,0,0.4497762982241059
2910,1,1,0.8849739859744574
5848,1,1,0.7447505052502077
1966,1,1,0.9322191039772031
3152,1,1,0.5459300108943635
293,1,1,0.6838886049673837
8925,1,1,0.9967574285083383
9094,1,1,0.9611981717899203
7458,1,1,0.8950432285529103
3893,0,1,0.6833941146318432
3011,1,0,0.23347571111241147
2762,1,0,0.014787077276515605
8257,1,1,0.7971234203027857
4862,0,0,0.06889376829883229
4418,0,0,0.1628300244127881
8038,0,0,0.003732932212152191
4541,1,0,0.18293889760028595
5155,1,1,0.6885919938135413
3270,1,0,0.019749964218459704
2858,1,0,0.224065534797773
7571,0,1,0.6732601201788803
9320,1,1,0.9921536099235136
7887,0,1,0.8695055401836531
768,1,1,0.9672658220375031
6454,1,1,0.5899325518901484
3612,0,0,0.00844072905751651
7822,0,1,0.9154402395135779
9042,1,1,0.8855475277263509
4564,1,1,0.50815057911832
7276,1,1,0.9712042568198564
673,1,1,0.931817299965403
4681,1,1,0.8136336886717446
2100,1,1,0.9301800731206569
6489,1,0,0.3854640348614778
8817,1,1,0.9932575411729214
109,1,0,0.25843426744736897
7401,1,1,0.841766251409767
4208,0,0,0.21556230679642524
1746,1,1,0.8915674822522371
5410,0,0,0.14046939525415117
4019,0,0,0.22364582375311837
2478,0,0,0.2810404914716803
425,1,0,0.4859086014490313
6606,1,1,0.938905531540776
5794,0,1,0.6178567329345764
1465,1,0,0.47977883550554506
2541,1,1,0.7136401180541859
8430,0,0,0.26975148682483135
2318,1,1,0.943812525966101
8287,0,0,0.2240655347977741
1873,1,0,0.39997714103864845
4276,0,1,0.652363978921357
2026,1,1,0.7586621683447439
8823,1,1,0.9169304884496811
2000,0,0,0.019722039392330307
9392,1,1,0.7995457980113402
6259,1,1,0.9688609657145496
2746,1,0,0.06737211157218168
4785,1,1,0.962772730798487
5867,1,0,0.40629546022962876
6542,1,1,0.8702174466167232
6197,1,1,0.9153307719494505
4827,1,1,0.7289158279175765
1365,0,0,0.07915116536470856
9544,1,1,0.8791181989072138
4269,0,0,0.13878157927712517
1397,1,1,0.8782467607847713
2517,1,1,0.8812573544512908
102,0,0,0.29455665267359993
2506,1,1,0.583803251699663
3060,1,0,0.15651382856269153
2313,1,0,0.2793498236697576
2522,1,1,0.9738994088932326
2923,1,1,0.8637550572800093
3434,0,0,0.10377892983845384
5394,0,1,0.7458876504184417
8186,1,1,0.8706275391336068
1399,1,1,0.8139120680573154
4260,1,1,0.82848888505596
335,1,1,0.6890353622857219
4087,1,0,0.269930723602987
6894,1,1,0.9677893805152133
6786,1,1,0.9964728421701057
3338,1,1,0.962772730798487
4929,1,1,0.8608648431841002
9291,1,1,0.9931127821967666
6560,1,1,0.7262350111557969
7091,1,1,0.6715964447354666
6475,1,1,0.9221822949678783
7744,1,1,0.6115427552349515
5943,1,1,0.7649192973104112
6389,1,1,0.9613352969379955
6211,1,1,0.8926688119903404
7818,0,1,0.794445746463838
4801,1,1,0.8619580611531625
4183,1,1,0.9231193403061193
3760,1,0,0.47189582850658496
4490,0,0,0.44889128648889726
8415,0,0,0.2859104707151375
4644,0,0,0.04882636853290859
4686,1,1,0.9821128130834903
7316,0,0,0.18083832440215689
4007,0,1,0.8571365428333774
7117,1,0,0.2004171805983929
9337,1,1,0.9819843980194168
3364,1,0,0.3654808717099076
9386,1,1,0.984823325400113
610,1,1,0.7982458264064523
9573,1,1,0.9871431526769552
7012,1,1,0.9863869869487693
9208,1,1,0.940601756275082
105,0,0,0.19945515270015637
5345,1,1,0.7410700464104321
2896,1,1,0.7174493208031442
5150,1,1,0.6289890978584093
401,1,1,0.592826697989956
883,1,1,0.6079260092793731
4715,1,1,0.9694542169332852
3837,0,0,0.41216061375991975
672,1,1,0.6432389365915298
5343,0,1,0.6770782103944755
7096,1,1,0.8561086438547201
9059,1,1,0.9803706842425842
733,1,1,0.8787157115672275
7705,0,0,0.4504267316670843
6765,1,1,0.8587774988688057
4655,1,1,0.8773111073485301
1314,1,1,0.8818484241216168
4196,1,1,0.7586621683447434
5548,1,1,0.8582205716172586
5256,0,1,0.9290374283736496
5882,1,0,0.2101166037036547
1389,1,1,0.7625306421076701
8687,1,1,0.7463412731234162
2807,1,0,0.1908289896699655
5205,0,0,0.4349288868174483
5838,1,1,0.583803251699663
1088,1,1,0.728541121105498
7534,1,1,0.838391491423652
9473,1,1,0.998025634595508
7864,1,0,0.45390014387108346
4450,1,1,0.7862519445374998
328,1,1,0.8452888333163567
8471,0,0,0.24801332812774268
1477,1,1,0.685494509655093
7608,0,0,0.476500927819257
4495,0,0,0.266262724852729
4523,1,1,0.6905754335285733
5375,0,0,0.1604302384110317
7333,1,1,0.5096592268574399
1078,0,1,0.6890591971287672
950,1,1,0.922615826786371
8205,1,1,0.9398569780679505
9048,1,1,0.6956287453416403
9536,1,1,0.7311517623000636
2118,1,1,0.7375211334990509
5550,0,0,0.24691524539475093
8815,1,1,0.6927512571746116
8789,1,1,0.9947740571292406
8681,1,1,0.9983304444181214
9567,1,1,0.8228470412016664
1712,1,1,0.8652432683787212
5336,0,0,0.14034177211864873
1190,1,1,0.9300159205922389
9314,1,1,0.9473410465303621
4626,1,1,0.6434107285521203
4946,0,0,0.44544088699908563
7314,1,1,0.6446848597979
6915,1,1,0.9995378318480332
504,1,1,0.9182999375309501
1134,1,0,0.46877912722097764
7819,0,0,0.45412215166689057
1511,1,1,0.7695602288962221
3093,1,1,0.8555416586804563
2999,1,1,0.8345645463104693
3814,0,1,0.5938915222535773
5503,0,1,0.6820567707744664
4869,1,1,0.5345208345417879
4255,0,0,0.2773334089264564
5874,1,1,0.8375828613960278
9460,1,1,0.9276647587532513
6703,1,1,0.5507215906105327
1139,0,0,0.18569531968385367
5430,1,1,0.7845024302750888
1060,1,0,0.267483108191857
4046,1,1,0.6623561454272641
6111,1,1,0.5558292189500825
5334,0,1,0.618009355332468
1327,1,1,0.8614721294869788
9146,1,1,0.9273426879720047
820,1,1,0.7446501214163036
9316,1,1,0.9283072800850561
1630,1,1,0.589472705050179
3901,1,0,0.3177660124313166
7482,0,0,0.09608619987713378
7061,0,0,0.4954713089953207
9066,1,1,0.9709611247091189
6802,0,0,0.226835430243876
8748,1,1,0.9244148222601294
8117,1,1,0.7623895168153105
3034,1,1,0.732320275411089
9528,1,1,0.889589245849927
7140,1,1,0.8819477450776211
2378,1,1,0.777742305954858
3438,1,0,0.012048987940028889
5815,0,0,0.12470527706466442
635,1,1,0.9879865700944407
5780,0,0,0.1673106117744293
97,0,0,0.27191757411785644
9494,1,1,0.9979306610607437
9168,1,1,0.9654572363606572
5497,0,0,0.06272651534405492
7490,1,0,0.2733146005855796
6543,1,1,0.6091098899511412
9570,1,1,0.9195977306819301
8673,1,1,0.9872060895342386
4487,0,0,0.02233630270468209
1582,1,1,0.6210141130112725
3203,1,0,0.08831907612218544
2498,0,0,0.30393128236629957
7991,1,0,0.3803999688412518
9513,1,1,0.9982218517663677
6452,1,1,0.5475712553264067
5900,1,1,0.940674114447288
3033,1,1,0.584359994158505
4367,0,0,0.3378247733991404
2600,1,1,0.8178076830121452
7026,0,0,0.18420428487374657
592,1,1,0.6532989692157337
3315,1,1,0.8174101090420707
4675,1,1,0.6748504907295018
2956,1,1,0.6002361349576618
8013,0,0,0.3921621400103243
2084,1,1,0.7316809080848874
8081,0,0,0.4505748536652681
1169,1,1,0.5347017451979386
5348,0,0,0.043634662876131755
6654,1,1,0.8658047839452602
5505,0,0,0.37474280386414505
2695,1,1,0.806513866529711
3643,1,1,0.732819429449504
1187,1,1,0.7891084408042048
570,1,1,0.8565438815155019
2979,1,1,0.8971097777021078
4845,1,0,0.3096333388743689
2226,0,0,0.266262724852729
834,1,1,0.6323047537764197
8568,1,1,0.7072014639583201
2654,1,0,0.2619701305196325
4960,0,0,0.18477306619757214
5161,0,0,0.18101987862722463
5404,0,0,0.058953746535344576
6384,1,1,0.8216574555492479
8737,1,1,0.9998932133132277
5740,0,1,0.7309883691283915
7183,0,0,0.13210116768694155
2908,1,1,0.8232821653040957
6326,0,0,0.0158364618965771
4387,0,0,0.029986830894479663
1402,1,1,0.6961766612769651
2163,1,1,0.6091098899511412
7271,1,1,0.9063827868388868
4275,1,1,0.6779285663140389
2990,1,1,0.8882243984882351
8135,1,1,0.9723991624933406
3026,1,1,0.7822888377194637
537,1,1,0.7867767740605842
315,1,0,0.32679821634900363
5141,1,1,0.9110057365038476
7328,1,1,0.515884136969144
4467,1,1,0.6721665842885061
5770,0,1,0.6536473294462105
978,1,1,0.7931713682848748
4075,0,0,0.09967715608909952
4492,0,0,0.04766004554003303
403,1,1,0.68528627951862
4877,1,0,0.49382567859862064
5849,1,1,0.768432786553541
2754,1,0,0.3405236640214369
7357,1,1,0.5262378326913322
8054,1,1,0.9218988497845713
810,1,1,0.7446501214163036
5118,0,0,0.24436712809763278
4256,0,0,0.10183064273014543
2622,0,0,0.25805721005733107
340,1,1,0.5648452600624373
3900,0,1,0.5828070112790648
7176,1,0,0.06426060027139814
7415,1,1,0.5475712553264068
