y_true,y_pred,y_proba
1,1,0.9905164429653631
0,0,0.2581056346650466
1,1,0.9848289252439509
0,0,0.08896599789771227
1,1,0.9735729507390547
1,1,0.904952486896133
1,1,0.8656237276715737
1,1,0.9037253709121772
1,1,0.9836986087492887
1,1,0.9866672766849253
0,1,0.7390668035378107
0,0,0.11444141546272167
1,1,0.9054334259607499
1,1,0.9216835996877351
1,1,0.9463236616363814
1,1,0.9504409165341795
0,0,0.012129391853625889
1,1,0.9666476944900176
1,1,0.9771043891959836
1,1,0.9292859849817431
1,1,0.9634700096385652
1,1,0.9944914443494322
0,0,0.15831268335163443
1,1,0.9377102712939984
1,1,0.6895817500413846
1,1,0.858181077880877
1,0,0.40449401801603463
0,0,0.22025819774792926
1,1,0.9956664548211634
0,0,0.15786505705335543
1,1,0.7763722674383637
1,1,0.9843920266254226
1,1,0.9943292586425542
1,1,0.9780896743057713
1,0,0.32804490247289264
0,0,0.13056175979098858
1,1,0.9994238808219429
1,1,0.9971259547831062
1,1,0.7544209275141164
1,0,0.04980697108833256
1,1,0.9932456323260451
1,1,0.9997142457782386
1,1,0.9925312981655278
1,1,0.9293379312962193
1,0,0.023026250050693916
1,1,0.915229842133601
1,1,0.9659483163569007
1,1,0.9424417683616098
1,1,0.9986074243142908
1,1,0.8401519604272646
0,0,0.01795172695492615
0,0,0.07907641036046466
0,0,0.20868871173879944
1,0,0.4371840744234119
0,0,0.04295181995086283
1,0,0.003156375377084342
0,0,0.35729111144176057
0,0,0.07501626811080148
1,1,0.5604141923973914
0,0,0.1677860955833366
0,0,0.04724937875269635
0,0,0.3309783537153319
1,0,0.45977090066478454
1,1,0.9300846801299261
1,1,0.974508081557955
1,1,0.9535790095569535
1,1,0.9986930714937314
0,0,0.30488691516503474
1,1,0.86360317309263
0,0,1.3038533682667793e-06
0,0,0.04595724991483759
1,1,0.5160056220557592
0,0,0.14907475054784414
1,1,0.9388495226989098
1,0,0.27926031180221855
1,0,0.2997657934818852
1,0,0.1473420464474146
1,1,0.9602071768074393
1,1,0.805526628403269
1,1,0.8641633196138068
1,1,0.9985206429160588
1,0,0.2789017577844289
1,1,0.6642631180512039
1,1,0.8633555691374605
0,0,0.07170000512878487
1,1,0.9528837380504157
1,0,1.4786551018510479e-06
0,0,0.04158818236684001
0,0,0.07432875183878858
1,1,0.9867106640414426
1,1,0.5025644809545878
1,1,0.9736310041339253
0,0,0.07441406374382996
0,0,0.02244034329659442
1,1,0.5593901398970903
0,0,0.002740198611152184
1,1,0.9976010454933095
0,1,0.8737711577896791
1,1,0.9732473820102193
1,1,0.7676415688610134
1,1,0.9433137092337406
1,1,0.9999999999856748
1,1,0.9950011229706679
1,1,0.9641178054760872
1,0,0.4207787063988564
1,0,0.10751982508123414
0,0,0.44990679702835534
1,1,0.9167151635336899
1,1,0.8509594210528022
1,1,0.996463084253294
1,1,0.9519176345381001
0,0,0.10087361782232974
0,0,0.27250587608913596
0,0,0.045957249914839196
0,0,0.29590949920750714
1,1,0.5158391463705129
1,1,0.8696336558117236
1,1,0.6412121580339794
1,1,0.9997991031808346
0,0,0.02695543906661784
1,1,0.999390743105716
1,1,0.9942867974094803
1,1,0.8989041176486947
0,0,0.0562427742009604
1,1,0.9999761578901376
1,0,0.28219433879691425
0,0,0.1616436544487145
1,1,0.9910548037288421
1,1,0.733625999787802
0,0,0.025272004472547238
0,0,0.14192910982799564
1,0,0.22071424687441582
0,0,0.008167528918281285
1,1,0.9999723345421999
1,0,0.10762970087729365
0,0,0.11002750261711906
1,1,0.5158391463704995
1,1,0.9213813715093607
0,1,0.7368406425883155
1,0,0.44341854946848447
1,1,0.9824577178999034
1,1,0.5371915166398602
1,1,0.9006193103712788
1,0,0.060562536179716575
1,0,0.22794660489820281
1,1,0.6777881656312856
0,0,0.19590407497157716
1,0,0.00018308179488034552
1,0,0.4226618338144693
1,1,0.5909908601539253
1,0,0.11982552245513652
1,0,0.2114632969981561
0,0,0.2338412489377676
1,1,0.9997735260710723
0,0,0.09938208189691737
1,1,0.9978896252339492
0,0,0.1263133205341576
0,1,0.9164492524671
1,1,0.6163763399035406
1,1,0.9999166007615694
0,0,0.38500282803299923
0,0,0.031094911382367703
1,0,0.47927113667967475
1,0,0.07144476842831042
1,1,0.9989874415847043
0,0,0.05176526791771766
1,1,0.9887579605158535
1,1,0.8751899292399297
1,0,0.1478876989186077
1,0,0.18748628741669726
0,0,0.02244034329659442
0,0,0.141534565903443
1,0,0.014589085481941063
1,1,0.9918025124758002
1,1,0.9999999999856566
1,1,0.9820191535314649
1,1,0.8055292473140604
1,1,0.9515263752975247
0,0,0.007742023866625835
1,1,0.628937311538569
0,0,0.16470848926541728
1,1,0.9839764353339226
1,1,0.9565319500152577
1,0,0.17369272653587375
1,1,0.9974780462942311
0,1,0.6466446980491174
1,1,0.8931656542123824
0,0,0.00030320188548833854
1,1,0.9684429809334408
0,0,0.21776390924205902
0,0,0.10087361782232414
1,1,0.5706480666780007
1,0,0.04158818236683806
0,0,3.142758859861896e-07
0,0,0.13879126748851903
1,1,0.9227348845351855
0,0,0.06493917108924772
1,1,0.7595296397676553
1,1,0.5020773267071877
1,1,0.9144374023066257
1,1,0.993534930150313
0,1,0.9260968759496903
0,0,0.20157822616779936
0,0,0.12490287988331629
0,0,0.2221119796990367
1,1,0.7108158011940344
1,1,0.7187753780792722
1,1,0.5054623238372402
1,1,0.9994596228289201
1,1,0.5933578925697527
0,0,0.12447381205231191
1,0,0.46691553724542656
1,1,0.9485692951965089
1,0,0.2359485325511267
1,0,0.0846300391853217
1,1,0.7323650626971786
1,1,0.9986208105844361
1,1,0.9791359004539116
1,1,0.9414587553609859
1,1,0.955745982539236
0,0,0.16778609558333635
1,1,0.6993072302073633
1,1,0.9741485736792849
1,1,0.9912301105494778
1,1,0.9997739872390607
1,1,0.9518105028088262
1,1,0.9384979716006633
1,1,0.801369587776495
0,0,0.4887340854461677
1,1,0.9744203987663784
0,1,0.7925144705566063
1,1,0.9999915179741026
1,0,0.3655577948135096
1,0,0.3398203885338824
1,0,0.12618920847724546
0,0,0.2718296110204683
1,1,0.7618293816432976
1,1,0.9349712051963369
0,1,0.707485607345656
0,0,0.24093762278886183
1,1,0.9937466193991185
1,1,0.9798451710428007
1,1,0.9999754481908781
0,0,0.0037848923900940454
0,0,0.06582097427723305
1,0,0.026970796598457646
1,1,0.8021606381786266
1,1,0.6034599271799935
0,0,0.3809019541726526
1,0,0.3358457923530996
1,1,0.9958688591250182
1,1,0.8027151923257124
0,0,0.17910460006483936
1,1,0.9910548037288427
0,0,0.028422103312727733
0,0,0.117914687318141
1,0,0.33094890317678727
0,0,0.2967212710904258
1,1,0.9465350138138023
1,1,0.9721444212122548
1,1,0.5547608524738993
1,1,0.8101164078438746
1,1,0.8872355976991422
1,1,0.8402092987206317
1,1,0.8578731253677481
1,1,0.9567529780735653
0,0,0.37156053857616994
1,1,0.6682585345171558
1,1,0.9985152444021902
1,1,0.7093529881174195
0,0,0.06513854126280282
1,1,0.9930558552879567
1,1,0.9620389157662774
1,1,0.9772471780902083
0,0,0.10401661751876518
0,1,0.9996844956731742
1,1,0.9110000266325725
0,0,3.0476524790768633e-06
0,0,0.0760088167264828
1,1,0.8699014343377904
1,1,0.8559341456227988
1,0,0.13394198503071092
1,1,0.8643179001494544
1,1,0.8718147132651183
0,1,0.8524120441151284
1,1,0.87036547371247
0,1,0.5965600458548057
0,0,0.28591791075912254
1,1,0.9919209070627815
0,0,0.0007244207330199638
1,1,0.9054085499418331
1,1,0.9907054603899792
1,1,0.9989604055719187
1,1,0.9988523619477121
1,1,0.9878958920400338
1,0,0.24974281042086097
1,1,0.9841017555512891
1,1,0.9978237819562925
1,1,0.9626748337324725
1,0,0.11647760704629928
1,0,0.03789448112690115
1,1,0.9133049922345072
0,0,0.16680085711883838
0,0,0.13801899727859518
0,0,0.02884983440496375
1,1,0.999984901687523
0,0,0.15843141060318872
0,0,0.053313177308476956
1,0,0.16470848926542975
0,0,0.125099383539821
1,1,0.9998131144930875
1,0,0.10238143672880323
1,1,0.9965495612364292
1,1,0.9938181337664741
0,0,0.025212495248383832
0,0,0.22737186890622935
0,0,0.0436899156681095
0,0,0.3271316975001493
1,1,0.9828152383324413
1,0,0.49310795300038585
1,1,0.7372226587797795
1,1,0.9486867766496364
1,1,0.871879940331243
0,0,0.2282744004156491
1,0,0.2740222078052789
1,1,0.6528743614120787
1,1,0.7339964400795237
1,1,0.908683637521623
1,1,0.9976010454933095
0,0,0.0443108149790564
1,1,0.9906892929939642
0,0,0.16534142072686428
0,0,0.4965416595719177
1,0,0.094680065291376
1,1,0.9974023747476237
1,1,0.8006847041573785
1,1,0.89255374473364
1,1,0.8659912805509016
1,1,0.9957676442088077
0,0,0.008632174993995871
1,1,0.9999990545911931
0,0,0.11047255300101848
1,0,0.09380048083557203
1,1,0.944125437100653
1,1,0.9990826021798634
0,0,0.27102349508810614
1,1,0.9965282326839
1,0,0.020369964395373922
1,1,0.9824796098582694
0,1,0.8474608249863127
1,1,0.930580165685886
0,0,0.049723006249558575
1,1,0.9978001505033983
1,1,0.5947907826442179
0,0,0.2438916325176008
1,0,0.23146478554312755
1,1,0.9998021653559928
1,0,0.32882712705146483
1,1,0.6037895861775455
1,1,0.723472167498133
1,1,0.9498363872713725
1,1,0.9841364498521339
1,1,0.9634700096385652
1,1,0.6776719117636024
0,0,0.13170979563882101
1,1,0.9995497277367078
0,1,0.6861900876686083
0,0,0.4151896667286194
1,1,0.9198221412352009
1,1,0.9989576018076279
1,1,0.9715784438339696
0,0,0.237624777973294
0,0,0.20868871173882342
1,1,0.9895614374563834
1,1,0.6602944278626073
0,0,0.08542416609876184
1,1,0.8680643125648
1,1,0.8287459916004197
1,1,0.9364413882614844
1,1,0.9795029181873063
0,0,0.00012680573347627783
1,1,0.8137553392785661
1,1,0.989364290108369
1,1,0.9755453154592977
1,1,0.9920619856979228
1,1,0.7658359278304633
1,0,0.3358457923530996
1,1,0.9743036455459801
1,1,0.9911562933034068
1,0,0.10805809178539098
0,1,0.8547418655995697
1,0,0.35585729456191917
1,1,0.913943275261184
0,0,0.06879667299807551
1,1,0.8846835580390731
1,1,0.9503716756086019
0,0,0.022875615440112188
0,0,0.3916457050535585
1,1,0.9162033626459581
1,1,0.9311093754835398
0,0,0.07593635478500634
1,1,0.7523025092322133
1,1,0.9999050399939243
1,1,0.9565319500152569
0,0,0.29763528169382103
0,1,0.534613513670815
0,0,0.20091145666602778
1,1,0.9927295623710682
1,1,0.5883791331109134
1,0,0.17082487560890355
0,0,0.23820410506740114
1,1,0.7860279247363217
0,0,0.017066958056155886
0,0,0.07354833296258681
1,1,0.9922220208907021
1,0,0.0853855478403544
1,0,0.042882096994156745
1,1,0.8770137002272028
1,1,0.8872355976991423
1,1,0.9338191397268838
0,0,0.15077308707703754
1,1,0.7555233774383903
1,0,0.2888855605310137
1,1,0.9725976255040213
1,0,0.27504094429701964
1,0,0.49047238440911073
0,0,0.05645689218862162
1,1,0.8550129216045824
1,1,0.9999247241812421
1,1,0.5650083205022498
1,1,0.9641178054760872
1,1,0.8190887021196916
0,0,0.21776390924205843
1,1,0.8239902406359566
1,1,0.9920619856979228
0,0,0.011636469956363254
1,0,0.44694237646265084
1,1,0.9991055604489374
1,1,0.8924420683589637
1,1,0.55122469996862
1,1,0.916715163533702
0,1,0.6377190098566372
0,1,0.5020773267072285
1,1,0.869261636592602
1,1,0.9698403474188318
1,1,0.9485692951965089
1,0,0.4837597995684475
1,1,0.9997212313704241
1,0,0.39331559616611445
1,1,0.9976850815409776
1,1,0.884639615117567
1,1,0.9982641904334103
0,1,0.9777149766188508
1,0,0.037634305444181254
1,1,0.5218562000829022
1,1,0.9953959915258754
1,1,0.9999831952500136
1,0,0.06208443355787376
1,1,0.6303130551221492
1,1,0.9948100259110111
1,1,0.6351571901756999
1,1,0.9997764003460141
0,0,0.21662980166101012
1,1,0.9988387354237632
1,1,0.9972640438292365
0,1,0.9970647608989629
0,0,0.3453771095240172
1,1,0.9987917592714604
0,1,0.7837077702834343
1,1,0.9619062335582829
1,0,0.02804054709645293
1,1,0.9996438557403491
1,1,0.9340064068928009
1,1,0.9848799040789707
1,1,0.7860460659048566
1,1,0.5548103655973143
1,1,0.9873375303058493
1,0,0.18473447097441809
0,0,3.678842277955164e-07
1,0,0.32165808509523786
0,1,0.8833707723173255
1,1,0.9999730645074609
0,0,0.044352373937841125
0,1,0.7465481843905937
1,1,0.9780896743057713
1,1,0.9956981451363988
1,1,0.9989374823369387
1,1,0.9942483730741785
1,1,0.9740581395047141
1,1,0.7311678479638436
1,1,0.9770752771465867
0,0,0.3257465251972318
0,0,0.4599029962564153
1,1,0.9999005276174063
1,0,0.2560241771668972
0,0,0.15143606447850153
1,1,0.9839151164268487
0,0,0.024708654718035458
0,1,0.7229812658454897
1,1,0.9770752771465867
1,0,0.16097044444958802
1,1,0.996987113608136
0,0,0.039243368318349174
1,1,0.8869919035041468
1,0,0.1614587526179674
1,1,0.8347491911129253
1,1,0.9236849622449608
1,1,0.9954108507975039
1,1,0.9982019891689513
1,1,0.959573584436592
1,1,0.8167209611236549
0,0,0.3307792069990669
1,1,0.7090705191911357
0,1,0.6456179631495637
1,0,0.05086832784901823
0,0,0.47617071355980733
1,0,0.4611182391149842
1,0,0.03676634735241963
1,1,0.9929803658556331
1,1,0.7544209275141165
1,1,0.7822263202145524
1,0,0.028308396615152942
1,1,0.9910548037288427
0,1,0.5373163158027352
0,0,0.17400265886451713
1,1,0.9757936686456741
0,0,0.28344305812802084
0,0,0.032353953837027445
1,1,0.9997703553457689
1,1,0.9227154063746194
1,0,0.3878826214759579
0,0,0.10436239808019676
1,1,0.5946018392442436
1,1,0.9504409165341788
1,1,0.6294729608389269
1,1,0.9957161713479059
0,1,0.9832293280388726
1,1,0.8771860283261249
1,1,0.942851579881422
1,1,0.9171263940132444
1,1,0.7372226587797798
0,0,0.16281363366416424
1,1,0.9229141199597422
0,0,0.12631332053414387
1,1,0.8263259397510967
0,0,0.06356369085937665
1,1,0.7225303988390246
0,0,0.006148232541684058
1,1,0.9991937361591599
1,0,0.49387544039757564
0,0,0.037062771832216415
1,0,0.4803347033181522
0,0,0.10706336505193781
0,0,0.07600881672648274
1,1,0.9389656877184662
1,1,0.8712928054671503
0,1,0.5685518436254943
1,0,0.06568502956770005
1,1,0.9418156752549759
0,0,0.15607397501049047
0,1,0.5722608209581659
1,1,0.9732744917342993
1,1,0.9998726651962905
1,1,0.9662456764749932
1,1,0.9171263940132444
1,1,0.9300846801299307
1,1,0.9755453154592977
0,0,0.21876923141478113
1,0,0.16675720791151757
1,1,0.9875565631465385
1,0,0.08850706329528908
0,0,0.10232619292308846
1,1,0.9996054991842658
1,1,0.9878184042358372
1,1,0.9987167726015502
0,0,0.13797657025958945
1,1,0.9999743299388711
0,0,0.039544761669080296
1,1,0.9967103362708455
1,1,0.995123776307204
1,1,0.9627540538859959
1,1,0.9999825449685331
0,0,0.3030560694785926
0,0,0.16807431513189652
0,0,1.5649417359000102e-08
1,1,0.997747811486122
1,0,0.3248033881200453
0,1,0.6993687046030401
1,1,0.9544082534332863
1,1,0.7946642023033403
1,1,0.9977630558239963
1,1,0.5272654023736595
1,1,0.8284844228589399
1,1,0.9899033106316025
0,0,0.033346558902108324
1,1,0.917988125844931
0,0,0.0013086733467583946
1,1,0.5507172535193748
1,1,0.972211650556526
0,1,0.5767881396651714
0,0,0.11444141546271921
1,1,0.9443573058226311
0,1,0.6704687637740816
1,1,0.7456303091024395
1,1,0.8697548607487025
1,1,0.8812694857779242
1,1,0.6908037026340288
0,0,0.0018555307355225352
0,0,0.029742398210186104
1,1,0.9933631728152772
1,1,0.934324161604739
0,0,0.08411652248175906
1,0,0.04623731725734706
1,1,0.6303130551221499
0,0,0.14362549244589817
1,1,0.7372226587797807
0,0,0.16065130536276945
0,0,0.18473447097441578
1,1,0.998219080273835
1,0,0.024688070924523315
1,1,0.9765459663944599
1,0,0.13942472103418063
1,1,0.9999966985519885
1,1,0.7420220460040973
0,0,0.3759580630133021
0,0,0.3607035350354575
1,1,0.9454304848389805
1,1,0.9909617422012083
1,1,0.994796602402378
1,1,0.7403277155934295
0,0,0.23742385301778085
0,1,0.549288850483629
1,1,0.9990084791863697
0,0,0.16856689287889087
1,1,0.999878310722906
1,1,0.9976027995642983
1,1,0.618168020583462
0,0,0.23602041109258387
0,0,0.022770804203128058
1,1,0.9721719153202868
1,1,0.6351571901756999
0,0,0.026271980077131517
0,0,0.02792073650392384
1,1,0.9999844457088903
0,0,0.22871315000725653
1,1,0.9234915161009821
1,0,0.4053447109902821
1,1,0.9651859421439537
0,0,0.22855769823355407
0,0,0.136740213317001
1,1,0.9460543650562915
1,1,0.9800355002621151
1,0,0.07170000512878487
0,0,0.14568706308334867
0,0,0.011885200107712098
1,1,0.5277856377167818
1,1,0.8256043423931503
1,1,0.9719288782991351
1,0,0.20574268602747345
1,1,0.8717945999054589
1,1,0.9950489809289775
1,1,0.9937585911821968
1,1,0.9699581207144505
1,1,0.9795128029053778
1,1,0.9987494540159357
0,0,0.0436899156681092
1,0,0.1478876989186077
1,1,0.9899711557473652
0,0,0.0727509901250155
1,1,0.999432357477716
1,1,0.9579473224511738
0,1,0.8141451344179703
1,1,0.9842747343272835
1,1,0.9981689266444392
0,0,0.155268649346795
0,1,0.8110176610054913
1,1,0.7525950140422314
1,1,0.9955943173783895
1,1,0.9981833499134719
0,1,0.9581048109595349
0,0,0.3817571264816818
1,1,0.7613288394200963
1,1,0.9970150695594026
1,0,0.36302297210952494
1,1,0.9980927604268934
0,0,0.1975337156135485
1,1,0.52383714083854
1,0,0.1023261929230884
0,0,0.33982038853387786
1,1,0.7946642023033389
0,0,0.3398203885338828
1,1,0.9999573889635811
1,1,0.9649563691712737
1,0,0.15143606447850985
0,0,0.19780613063125893
1,1,0.9907209829666029
0,0,0.4863861963507537
1,1,0.9806014525554444
1,1,0.9978254669717923
1,1,0.9999194033725214
1,0,0.49387544039757525
1,1,0.9941526112233328
1,1,0.9999556374640473
1,1,0.9495763977141546
1,1,0.9685070807554281
1,1,0.9796242473479747
1,1,0.9340064068928018
1,1,0.6669965670540106
0,0,0.21771767263661
0,0,0.3392156921372364
0,0,0.019467339569305273
1,1,0.966647694490015
1,1,0.972666364005001
1,1,0.9834511722306579
1,1,0.9999073797362474
1,1,0.9991462182024942
1,1,0.7741180744541132
1,1,0.9913469599384451
1,1,0.994093744143384
1,1,0.9880863505845421
1,0,0.213413479899974
0,1,0.7632632417445046
0,0,0.058504780420188654
1,1,0.9509614311923088
1,0,0.3230974593304246
1,0,0.008455002543283057
0,0,0.0982588206890172
1,1,0.9779900137302571
1,1,0.958300395645794
0,0,0.2545019685948585
1,1,0.8575477013278995
0,0,0.10706336505193781
1,1,1.0
1,0,0.3688747121545205
1,1,0.9791087766374862
1,0,0.20868871173880327
0,0,0.044711288863701446
0,1,0.5087404536690051
1,1,0.9999941430960478
1,0,0.3387677849098497
1,1,0.7990300374022613
0,0,0.11124417902132011
0,0,0.016223000209514497
1,1,0.5381551653752052
0,0,0.42849282377036296
1,0,0.4830933436281972
1,0,8.057129884139401e-06
1,1,0.9881056703969294
1,1,0.8502643330197736
1,1,0.9965495612364292
1,1,0.7333718222882518
0,0,0.18671415477493844
0,0,0.03454764246157189
1,1,0.9337678624451897
0,0,0.47005148392552915
1,1,0.9865270818974979
1,1,0.5421799801317252
0,0,0.009576807262002777
1,1,0.9728854134897097
1,1,0.9083939361030225
1,1,0.9729861458743407
1,1,0.9924118804810061
1,1,0.6574821266532223
1,1,0.9337368929517793
1,1,0.748741576621756
1,0,0.11791468731814608
1,1,0.9866212429887745
1,1,0.999980943762995
1,1,0.9294788465376572
0,0,0.11047255300101969
1,1,0.992531298165528
1,1,0.9978254669717923
1,1,0.9795435807760924
1,0,0.1588848642953941
1,1,0.9999816880313784
1,1,0.9555637687965501
1,1,0.9487414709849714
0,0,0.18358829808388305
1,0,0.13345837761774898
1,1,0.8952251199013881
1,0,0.14853610314215746
1,1,0.9432472990736375
0,0,0.2886647075337857
0,1,0.5375020111705574
0,0,0.04647572309409993
1,1,0.6542286600648491
1,1,0.8212617553013292
1,1,0.9564251551204329
0,0,0.21790761176030757
1,0,0.06428692196665133
1,0,0.470932036125454
1,1,0.9271382491980054
1,1,0.7038348916731246
1,0,0.2179076117603138
1,1,0.7783252411917684
1,1,0.9830532351210809
1,1,0.9127710390059305
1,1,0.5883791331109214
1,1,0.9744196054929813
1,1,0.9058494574406862
1,1,0.9999960033826751
1,1,0.7917277252029369
1,1,0.9963265227458538
1,1,0.9997760757035263
0,0,0.04747384692563523
1,1,0.9998237502816003
1,1,0.9181459605796226
1,1,0.9476583145846751
1,1,0.9697162446661007
1,1,0.7074856073456496
0,0,0.11959432294600887
0,0,0.1514360644785103
1,1,0.9990858726880044
1,1,0.9485692951965099
1,1,0.5946018392442357
1,1,0.9976176022810112
0,0,0.020908978263311225
1,0,0.41940260776153737
1,1,0.9999796289481152
1,1,0.7402065532163219
1,1,0.8579084241929691
0,0,0.06493917108925173
1,1,0.8429930609410025
1,1,0.9771043891959865
0,1,0.8923886365947784
0,0,0.1113068171687536
1,1,0.8878888154634952
1,0,0.16164365444870255
1,1,0.8503690292185918
0,1,0.6024129921267655
1,1,0.9967467257172967
1,0,0.17512526790222824
1,1,0.5997821040933738
0,0,2.1230600622917645e-06
1,0,0.2279466048982125
0,0,0.1737149354830442
1,1,0.9611861631019991
1,0,0.3655577948135077
1,1,0.8822650526435334
1,1,0.9992581677856062
1,1,0.871590004255356
1,1,0.7310098718115928
1,1,0.9219233963852219
1,0,0.10920182820420123
0,0,0.052254105303782133
1,1,0.9897478503583543
1,1,0.9862138899885982
1,1,0.9428638900382124
0,0,0.08141150964736524
0,1,0.5168265094162985
1,1,0.720467701631702
1,1,0.9998709605899607
1,1,0.9999961878844742
1,1,0.9999022283129757
1,1,0.9994260337511077
1,0,0.44341854946848447
0,1,0.5038402080730603
1,0,0.20798229123300407
1,1,0.847562954446237
0,0,0.1379765702595828
0,0,0.15738883187213756
1,1,0.9925449397786269
0,1,0.7742247970234069
1,1,0.9976010454933095
0,0,0.13157024598811337
1,1,0.9006381762882922
1,1,0.9989239179791686
1,1,0.9997089156519404
1,0,0.42093264509989775
1,0,0.040364289683348174
1,1,0.9842427592818367
0,0,0.03304900896158524
1,0,0.31503025881691776
1,0,0.26838178469162516
1,1,0.9715784438339696
1,1,0.9900046871969155
1,0,0.051765267917717836
0,0,0.43057148235648524
1,0,0.4669155372454267
0,0,1.7336142886030695e-30
1,0,0.47617071355982343
1,1,0.8788105877163443
0,0,0.3626602472233199
0,1,0.6192206236742631
1,1,0.967499274208375
1,0,0.18887424601601432
1,1,0.9999866040092927
0,1,0.7087091850099159
1,1,0.9965495612364292
0,0,0.17369272653586382
0,0,0.27522011237367505
0,1,0.9548622756043011
1,1,0.8919770381209783
1,1,0.9997278919596772
1,1,0.9739113624188419
0,0,0.16554355280694377
1,0,0.3397065359001731
1,1,0.9639533991526408
0,0,0.16200298249880987
1,1,0.9733747268559321
1,1,0.9934661769738818
1,1,0.8641152505492922
1,1,0.9858152123954715
1,0,0.07135289619522765
1,1,0.903087244328398
1,1,0.5426271499605512
1,0,0.22175588343225866
1,1,0.9639533991526436
1,0,0.2219250281246852
0,0,0.31132754565894516
0,0,4.754762920215134e-06
1,1,0.9999790183164072
1,1,0.9945426721478751
1,1,0.856484543425332
0,0,0.06212112744315221
0,1,0.7395450539330386
1,0,0.1744278542117625
1,0,0.08750512016306532
1,1,0.9999743619267493
0,0,0.1983007184531344
0,1,0.8486642094662831
0,0,0.011024087599291438
0,1,0.647505552333838
0,0,0.06455139524036108
1,1,0.9998663325846975
0,0,0.006453460072890822
1,1,0.9860291109231352
1,1,0.8759816162088107
1,1,0.9997650430727312
1,1,0.9780640044949254
1,1,0.9999843766130101
0,0,0.04345629598379395
1,1,0.9772471780902083
1,1,0.9867106640414415
1,1,0.9625045658608126
0,0,0.21696453759094964
1,1,0.9967879676199054
1,1,0.548353149319653
1,1,0.9725680219809147
1,1,0.9294788465376572
0,0,0.017792933072776313
1,1,0.9946547656553006
0,0,0.187965106849483
1,1,0.9971670570395561
0,0,0.10805809178539702
0,0,0.251667277798089
1,1,0.9361349742233616
1,0,0.4249456463532155
0,1,0.5244033099542829
1,1,0.9278225524643615
0,0,0.02303714840289411
1,0,0.1386511584588261
1,1,0.998012613194106
1,1,0.5896499185392937
1,1,0.9999871179904459
0,0,0.08185426176611488
1,1,0.8302512374090085
1,1,0.7182218597630414
1,1,0.929478846537657
1,1,0.9472377247291294
0,1,0.5769779415092615
1,1,0.9961689009095084
1,1,0.9773419598945127
1,1,0.9917081519960251
1,1,0.9813734614336233
1,1,0.9484188133539141
0,0,0.05240659557888418
1,1,0.9999930089044606
1,1,0.6669965670540062
1,1,0.7049775472781157
1,1,0.8924598648214865
1,1,0.9999373812521316
0,1,0.5681058508812977
0,0,0.17795338581611528
1,0,0.18801912571642213
1,1,0.939222968269453
0,0,0.23198466083681332
1,1,0.8471111964781043
0,0,0.04368991566810958
0,0,0.06212112744315211
1,0,0.49091958249521844
1,1,0.9562964264169126
1,0,0.4981684308272073
1,1,0.9998418164558728
1,0,0.040986981591375114
1,1,0.8388252668974345
1,1,0.9999858906437915
1,1,0.984391504018994
0,0,0.05240659557888462
1,1,0.9996438557403491
0,0,0.18887424601601432
0,0,0.0013085167527620023
1,0,0.1962409721380436
0,1,0.7912966505825456
0,0,3.283007939857663e-05
0,0,0.022861513567078214
1,0,0.07726186688893283
1,1,0.7033068389759916
0,1,0.5343478675115462
1,1,0.9934661769738818
1,1,0.9879158237988233
1,1,0.9729553067541213
1,1,0.8981806354838867
1,0,0.3021786090442506
0,0,0.051768389244639
1,1,0.9965459674186329
1,1,0.9990738533144173
1,1,0.9999948388452521
1,1,0.9739491671023442
0,0,0.18358829808388186
1,0,0.11002750261712246
1,1,0.9427604841800334
1,1,0.5981843967953828
1,1,0.9926807579303123
0,0,0.3876937838838561
1,1,0.7798935553349464
1,1,0.9777089640611663
1,1,0.5069561989495196
0,1,0.5937069576194334
1,1,0.9943869641899202
1,1,0.9507774071470837
1,1,0.7515047904877623
0,0,0.08655868991073816
1,0,0.1443923829949754
1,1,0.6669965670540106
1,1,0.9964506013333929
1,1,0.9824298888070546
1,1,0.9762929104495507
0,0,0.0014330065683755577
1,1,0.9962673414209574
1,1,0.9503342311538404
1,1,0.9732473820102187
1,1,0.9021118221725836
1,0,0.1705905971749387
0,0,0.3255849459869525
0,0,0.19849306371381076
1,1,0.9585166419993667
0,0,0.04296028869726433
1,0,0.14518348409785709
1,0,0.423235630879808
1,1,0.7483276774306132
1,1,0.82560434239315
0,0,0.009757174658690018
0,0,0.13637731787264568
0,0,0.0932154327570496
0,0,0.3288271270514762
1,1,0.9181459605796228
1,1,0.7413516093451009
1,0,0.0424471895242724
0,0,0.0727509901250155
0,0,0.44316613149755674
0,0,0.0005116300485372042
0,0,0.033346558902108324
1,0,0.03673348768466067
0,0,0.06495001032838614
0,0,0.001939320151743255
0,0,0.03865265589798272
0,0,0.15850367507666233
1,1,0.9275975232082814
0,1,0.7321484210735936
1,1,0.9935703633813346
1,0,0.08855543533437396
1,1,0.9901263198305921
1,1,0.9811070711847345
0,0,0.005745386668777386
1,1,0.9997597788709448
1,0,0.0633707411516548
1,1,0.9991004210859693
1,1,0.9991572988233873
1,0,0.2641567312286706
1,1,0.8564855056192396
0,0,0.28591791075913253
0,0,0.18842562599579493
1,1,0.9400792849306254
0,0,0.23716037658376002
1,0,0.15975943193686282
1,1,0.9855747616490501
1,1,0.9976027995642983
1,1,0.7215921651572644
1,1,0.8946814448687053
1,1,0.9777089640611633
0,0,0.1345626248225901
1,1,0.7873484986253481
1,1,0.6038173159343013
1,1,0.997031483873678
1,0,0.08750512016306532
1,1,0.5089572459642502
1,1,0.9997597788709448
0,0,0.20083631079751546
1,1,0.9989538111284216
0,0,0.06478708982811464
1,1,0.8979662183948403
0,0,0.29300343059958694
1,1,0.9667582494842462
1,1,0.9265598696131712
1,1,0.9999490892512902
1,1,0.9643277049070095
1,1,0.8858114077200294
1,0,0.17644994779499348
0,1,0.7807319687020807
1,0,0.20137783082922134
1,1,0.9945272304331904
1,1,0.6256080856006714
1,1,0.8503690292186068
1,1,0.9990143873153087
1,1,0.7928507947243982
1,1,0.9795435807760919
1,1,0.9850297482394643
1,1,0.9983288875228418
1,1,0.9940612237636643
1,1,0.6097319530486152
1,1,0.9988629987552458
1,1,0.8138203860412953
1,1,0.9874556612195463
0,0,0.20574268602747203
1,1,0.9127906834516397
1,1,0.9553043835678195
1,1,0.9995970401264662
1,1,0.9946511346949759
1,1,0.9287499819664375
1,1,0.997250314918139
1,0,0.21826994877081038
1,1,0.997125954783106
0,1,0.9715571916291381
0,0,0.1723001411338063
0,1,0.9900092481852676
1,1,0.9994737910784172
0,0,0.13519558088759434
0,0,0.0013644878109660944
1,1,0.924594052962772
0,1,0.7182247404068631
1,1,0.9958688591250182
1,1,0.9391467386176657
0,0,0.07269900408780411
1,1,0.9945076848618665
1,1,0.9496286030969874
1,1,0.9164490550851602
1,1,0.9988387354237632
0,0,0.2570863969101754
1,1,0.913035472303986
1,0,0.37130145879409154
1,1,0.7822263202145526
1,1,0.9985690499412365
1,0,0.2763882586872381
1,1,0.9993628738707417
1,1,0.956425155120433
1,1,0.9294743867376006
1,1,0.9989526253404303
1,1,0.933479003158319
1,1,0.9091428840515866
0,1,0.6534539875594131
1,1,0.9995808734712052
1,1,0.9649274635693589
1,1,0.7744650478156071
1,1,0.9377102712939984
0,0,0.09288089087085999
1,1,0.7018259883196809
1,1,0.9892793934674577
1,0,0.18887424601601377
1,1,0.9340064068928009
1,1,0.6351571901756999
0,0,0.4700514834963051
1,1,0.9948277116937633
0,0,0.06427163034659171
0,0,0.08948809653716916
1,1,0.9214649216090455
0,0,0.2169292528505221
0,0,0.4098901523874375
1,1,0.9367860998651141
1,1,0.8271637866011876
1,1,0.9944914443494322
1,1,0.5290772589736707
1,1,0.9751990663276313
1,1,0.9999586420205222
1,0,0.04911230745606949
1,1,0.9978001505033983
0,0,0.0795968761528886
1,1,0.9864312930969829
1,1,0.9754598659849432
1,1,0.9981833499134717
0,1,0.5567344468771654
1,1,0.984879904078971
1,0,0.40644656529755857
1,1,0.8802902458819631
0,0,0.03661240898709885
1,0,0.037673941303652946
1,0,0.06898654123562774
1,1,0.9309886812897687
0,0,0.10069306270358962
1,1,0.9829122865094375
0,0,0.19416170921547823
1,1,0.7283087272351734
1,1,0.8906026849892478
1,1,0.9490402538213193
1,1,0.9998663762682308
1,1,0.9998048529075201
1,0,0.4985043287835491
1,1,0.7806107984033552
1,1,0.8578731253677481
0,0,0.14468796708346404
1,0,0.41262058108414235
0,0,0.029742398210186746
1,1,0.7517710830012955
1,0,0.0026105403390124502
1,1,0.9976027995642983
1,0,0.4227299660620254
1,1,0.7639821656169664
0,0,0.2169292528505221
1,1,0.9997713792455378
0,0,0.43078280207083025
1,1,0.8144508115196071
1,1,0.965585936357073
1,1,0.9036462255237793
1,1,0.7525950140422314
1,1,0.9372532202985878
1,0,0.4037172199584417
0,0,0.10699429533950507
1,1,0.9873375303058475
1,1,0.9111240966541668
0,0,0.06735306696634387
0,0,0.215306846742412
0,1,0.6996105742334637
1,0,0.17516901711529076
1,1,0.9971259547831062
1,1,0.9999246472061956
1,1,0.9845873520134945
1,1,0.9943292586425535
0,1,0.5309313815800903
0,0,0.0073106899631158835
0,0,0.14745263499925837
1,1,0.9666476944900193
1,1,0.9941012479749577
1,1,0.9777089640611663
1,0,0.0006264206840593176
1,1,0.9165547353088247
1,1,0.9999482332408136
1,1,0.9980508856716481
1,1,0.9931936286015308
1,0,0.18263871414296223
1,0,0.40943582666947215
0,0,0.3398203885338826
0,1,0.9896041542592291
1,0,0.06056253617972235
1,1,0.9542477107762107
1,1,0.7943384128126754
1,1,0.9970984530178959
1,1,0.9495763977141599
1,1,0.919322453554879
1,1,0.641777111878131
0,0,0.02244034329659442
1,1,0.8676712347922135
1,1,0.9816105711831865
1,1,0.9969529797410301
1,1,0.8804166310613388
0,1,0.6155209355729402
1,0,0.4614393853435842
1,1,0.9999384944252427
0,0,0.012629472281170846
0,0,0.1617751013086661
1,1,0.9152298421335999
0,0,0.04071830648725752
1,0,0.4442791592707193
1,0,0.04098698159137689
1,0,0.16466303883453356
1,1,0.99121090320856
1,0,0.2638989366813669
1,1,0.9449637935664827
0,1,0.9162170282870904
1,1,0.9495763977141546
0,0,0.039544761669077985
1,1,0.9951092166953418
1,0,0.19150301058042438
1,0,0.46143938534358664
0,1,0.6243848529488685
1,1,0.9207958408958119
1,1,0.9497738698818973
1,1,0.9969916662865442
1,1,0.7775113945580739
1,0,0.4689541084650389
1,1,0.839934126598194
1,1,0.9220031964375517
1,1,0.9744513824719502
0,1,0.5491002762497779
1,1,0.9989297343187588
0,0,0.09839886012422963
1,1,0.7337065759781526
0,0,0.41067945359640684
1,0,0.21306991560475388
0,0,0.04972300624955341
1,1,0.9983545940575683
0,0,0.001885513878237071
1,1,0.9844469381460583
1,1,0.8978219819159299
0,0,0.3257465251972337
1,1,0.9933766335654182
1,0,0.06818083259754523
1,1,0.9952966040581714
1,0,0.042563548563435985
0,1,0.6696300186617046
1,0,0.15526864934679813
0,0,0.3712318321351508
0,1,0.7108305390714561
0,0,0.1991411704365707
1,0,0.06056253617971654
1,1,0.8846835580390732
1,1,0.9951719570386888
1,0,0.07600881672648285
0,0,0.13522866699061156
1,1,0.9403540313677934
1,1,0.9574770252905513
0,0,0.0144343118299829
1,1,0.9977891709405379
0,0,0.44313780850533974
0,0,0.24655417193172824
1,1,0.5830018061550476
0,0,0.2803654238345996
1,1,0.9354302345419157
1,1,0.9745161621760233
1,1,0.8344019320174418
0,0,0.06224318174865193
1,1,0.999886182669064
1,0,0.12809963562047247
1,1,0.999720010966246
1,0,0.4628965712821856
1,1,0.9962463407589355
0,0,0.10751982508124219
0,0,0.09929676912616783
1,0,0.20137783082922076
1,1,0.9608915492457634
1,1,0.8046492852491646
1,1,0.7927824649863885
1,0,0.3223989630220594
1,1,0.8594008754963091
0,0,0.16164365444871692
1,1,0.8906931807957633
1,0,0.2818793825708728
1,1,0.9614592616656336
0,0,0.061517728245431925
1,1,0.9596871499152784
1,1,0.9460543650562915
1,1,0.6908759041287724
1,1,0.9911546764245291
1,1,0.9159761280737845
1,0,0.21449185613218882
1,1,0.9833973803840865
1,1,0.6097319530486407
1,1,0.9982460453621423
1,1,0.9996890752872022
1,1,0.9990738533144173
0,0,0.08651586088761615
0,0,0.21777466047510774
0,0,0.2257760482127063
1,1,0.9577062309206384
0,0,0.060762244105978164
1,1,0.6134886723304473
0,0,0.13242435534338637
1,1,0.9989526253404303
1,1,0.7395474078317305
1,1,0.9648663680908413
1,0,0.3084969890167182
1,1,0.9777089640611663
1,1,0.9585166419993667
1,0,0.23861784300523514
1,1,0.7169186648404337
1,1,0.9739152559404453
1,1,0.9971259547831062
1,1,0.9997530018131322
1,1,0.9655190503482304
1,1,0.8425854264770366
0,0,4.218942976847744e-15
0,0,0.2654431826854252
1,0,0.2782496171123964
1,1,0.5156967525254108
1,1,0.806220593357045
0,0,0.13394198503071073
1,0,0.09294489550597236
0,0,0.2155439629888824
1,1,0.95120438448342
0,0,0.4982223748917116
1,1,0.8289771351853648
1,1,0.9512853629991148
1,1,0.9850357226189864
0,0,0.06969335287152939
0,0,0.17883089418471892
0,0,0.15997603730601295
1,1,0.9130639538188796
1,1,0.8055894280523173
1,0,0.20260987615499684
0,0,0.2795578441956133
1,1,0.9331005077081267
0,0,0.22025819774794145
0,1,0.8104123950146686
1,1,0.992765269813337
0,0,0.263339357534658
1,0,0.17883089418473144
1,0,0.3482163660913551
1,1,0.9990487250118062
1,1,0.9949102051334171
1,1,0.99855114727801
0,0,0.04647572309409993
0,0,0.2004846459248564
0,0,0.1334614542054105
1,1,0.6696300186617076
1,0,0.13984381426664264
1,1,0.8967790707076847
1,1,0.9487414709849714
1,1,0.999897082823985
1,1,0.9935548877081511
0,0,0.15077308707704026
1,1,0.6146047386684166
1,1,0.9750856805843949
1,1,0.963022195392864
1,1,0.9999938137327015
1,1,0.857508919378928
0,0,0.22765351356943433
1,1,0.9816105711831865
1,1,0.9565319500152587
0,0,0.1501477996571274
1,1,0.9414647044590196
1,1,0.8308902500822947
0,0,0.10124509700072581
1,1,0.9688364386833254
1,1,0.9976421803131084
0,0,0.08033241923555162
1,1,0.9792809650643318
1,1,0.9978848125412347
1,1,0.9300846801299307
0,0,0.06566526119414068
1,0,0.24770530487657916
1,1,0.8836241435798353
0,0,0.25860510389681696
1,0,0.007901957836698052
0,0,0.03302371909860636
1,1,0.9855840194759597
1,0,0.02193411094410959
1,1,0.9990487250118062
0,0,0.17294010973789392
1,1,0.888146937703952
1,1,0.9809234549224014
1,1,0.9999999999856748
1,1,0.995999807672255
1,1,0.9466348133634833
0,0,0.1898826240115234
1,1,0.8856308761091679
1,1,0.9970834116199161
1,1,0.9305069961410686
1,0,0.00475452574809356
1,0,0.27052069379242394
1,1,0.9905164429653612
1,1,0.9793986956148035
1,0,0.2720132723826618
1,1,0.8776248213293414
1,1,0.9716176610702847
1,1,0.9824298888070546
1,0,0.005366979216328157
0,0,0.18887424601602398
1,0,0.4279161701671892
1,1,0.9978001505033985
1,1,0.993895209440245
0,0,0.1129214142309545
0,0,0.032800770174748486
0,0,0.4748645090461691
1,1,0.9999769144646519
1,0,0.37190874296451953
0,0,0.0066560128997240195
1,1,0.9999689953074582
0,0,0.2396529881895703
1,1,0.8875090325918705
1,1,0.9971670570395561
0,1,0.8524120441151082
0,0,0.2566620849226297
1,1,0.8344019320174441
1,1,0.9518105028088262
1,0,0.20445938100279057
1,1,0.6024129921267712
1,1,0.9974449194258505
1,1,0.9941182491711056
1,1,0.9929803658556324
1,1,0.9712343512659974
1,1,0.9666520748945461
1,0,0.004496893850818405
0,0,0.11710418032670634
1,1,0.9930806589977041
0,1,0.8858972446133033
0,0,0.393122301276954
0,1,0.6515490446599757
1,1,0.8920689839941423
1,1,0.9978372226678441
0,0,0.4159536110411975
1,1,0.9149924208076384
1,1,0.9996438557403491
0,0,0.12422243720126806
1,1,0.9527259294558732
0,0,0.18868654112832084
1,1,0.7496264957765517
0,0,0.4616573936996821
1,1,0.7339673846569602
1,1,0.966245676474995
0,0,0.08033241923554835
1,1,0.9924434261589608
1,0,0.4017198405212775
1,1,0.9943292586425544
1,1,0.9889387640106183
1,1,0.9376645601479302
1,0,0.022296239769360893
1,1,0.9953269228665428
0,0,0.10085963147077279
1,1,0.9879271441942118
0,0,0.27958832839793557
1,1,0.9661233713084018
0,0,0.4514547677564632
1,1,0.9414591641820848
1,1,0.934703795629846
1,1,0.9967758960086492
0,1,0.6091612266725883
0,0,0.25256980716442873
1,1,0.8144831484506208
1,1,0.8347491911129258
1,1,0.91306395381888
1,1,0.9753206117012997
1,1,0.9999983409268661
1,1,0.8258154167854811
1,1,0.9887617421771896
1,1,0.9307572632778491
1,1,0.9981156585837406
1,1,0.9922220208907019
1,0,0.4227650142821107
1,1,0.7525322993360241
1,1,0.8167209611236564
1,0,0.08299207861501974
1,1,0.9996438557403491
0,0,0.2114632969981561
1,1,0.6534100147055004
1,1,0.9843558125916702
1,1,0.9829122865094371
0,1,0.8524120441131203
0,0,0.4415334831929747
0,1,0.5616711625132952
0,1,0.5089800483900265
0,1,0.8121851455178081
1,1,0.9976341037034928
1,0,0.4813182552022982
1,1,0.5731590554347442
1,1,0.9947789752512134
1,1,0.9557459825392353
1,1,0.9999150526876551
0,0,0.08922483058730618
1,1,0.9476583145846745
1,1,0.983950345612013
1,0,0.4671497507056467
1,1,0.9992117674489862
1,1,0.9774032919077206
1,0,0.2752201123736752
0,0,0.11351545860477576
1,0,0.2821943387969281
1,0,0.008547436843724486
0,0,0.12815346484650866
1,1,0.7686574979322061
1,1,0.9682622403676736
1,1,0.7613869089289126
1,1,0.7249154744451369
1,0,0.05275567420717571
0,0,0.10885287708330976
1,1,0.999899916600295
1,1,0.9980745535460095
1,1,0.5158391463705112
0,0,0.0579546919291592
1,1,0.9685070807554296
1,1,0.9556151038455681
1,1,0.9978125456335962
1,1,0.998666428770466
0,1,0.7031720957768444
1,1,0.5779273597467991
0,1,0.9509855965583373
0,0,0.2930034305995813
1,1,0.8060185944241326
0,0,0.0903049034834005
1,1,0.979108776637486
0,0,0.39504567307064603
1,1,0.6131123751965165
1,1,0.7618293816432986
1,1,0.8728880709682406
1,1,0.9874154101812379
0,0,0.002530564438434946
1,1,0.8079668585157153
1,0,0.15843141060318885
1,1,0.6106889447752396
1,1,0.9984546612191522
1,1,0.9997720109123406
0,0,0.24663159822791478
1,0,0.15975943193686182
1,1,0.9622159168037231
0,0,0.07015737530201746
1,1,0.7682539274283124
1,1,0.967421163099743
1,0,0.40644656529755857
0,1,0.8350179171587953
1,1,0.9983334215724019
1,0,0.3204923298497601
1,0,0.05603908602318478
0,0,0.13797657025958934
0,0,0.357300193039463
1,1,0.7339673846569602
0,0,0.00702866753709922
1,1,0.9966126640059421
1,1,0.9970256844521478
1,0,0.23811265186999778
1,1,0.9175862515863027
1,1,0.9723787054153086
1,1,0.9792486614853517
1,0,0.12182524585681102
1,1,0.9943505328592107
1,1,0.9410325847031117
0,0,0.00018915946633659892
0,0,0.27926031180224087
0,0,0.27647285012826495
1,1,0.9377106440531948
1,1,0.994329258642554
1,1,0.958300395645794
1,1,0.6875490212308761
1,1,0.9450421465982773
0,0,0.18076561747161704
1,1,0.9981545259978319
0,0,0.0001182216317379617
1,1,0.5883791331109208
1,1,0.9987500075887075
1,1,0.9923111771784134
0,1,0.5769779415092513
1,1,0.7339673846569467
1,0,0.39754440655336654
1,1,0.9999957063229059
0,0,0.1179146873181408
1,1,0.7487415766217635
0,1,0.5904301526473649
1,1,0.9573829114993387
1,1,0.9839537748730471
1,1,0.9054212961412715
1,1,0.9980927604268932
1,1,0.924536503411268
1,1,0.7795102983949427
0,0,0.42978082815855684
1,1,0.9057316045791236
1,0,0.46812650114856275
1,1,0.9712343512659974
0,0,0.24806739423029855
1,1,0.9766748516431072
0,0,0.235757797462317
1,1,0.7089438575689668
0,0,0.39204025278533006
1,1,0.9997554885994105
1,0,0.010102579417080053
1,1,0.9998858663142656
1,1,0.9962753303482391
1,0,0.2847510100819173
1,1,0.9901831635449382
1,0,0.03840669750715387
0,0,0.3356299154914333
1,1,0.9901717370716804
1,1,0.5811922121136187
1,1,0.9982955179935973
0,0,3.283007939857663e-05
0,0,0.19555149078779466
0,0,0.2545019685948464
1,1,0.9987167726015502
0,0,0.495743048401165
1,1,0.7036689208787568
1,1,0.9828292103280545
0,0,0.021637971929307255
0,0,0.08693818246050206
1,1,0.9689472730014709
1,1,0.9999680018972591
1,1,0.9999993888447967
1,0,0.346808196557308
1,1,0.6104371229023843
1,1,0.7842860482553088
1,1,0.9999866040092927
1,1,0.9960674243784874
1,1,0.994872805725692
1,1,0.6983733616838672
1,1,0.835741398400498
0,0,0.32552409690162587
1,1,0.9107373166633478
0,0,0.0021339898865862083
0,0,0.11477520096767482
1,1,0.9999338574600765
1,0,0.346808196557308
1,0,0.4746089342685059
1,1,0.99961002192655
1,0,0.19911602125556216
0,0,0.4733454709755398
0,0,0.3607035350354616
0,0,0.003368527383598694
1,1,0.9602963911234458
0,0,0.11019450265713658
1,1,0.9314839407947064
1,1,0.9978896252339494
0,0,0.289916301905114
1,1,0.953196768798436
1,1,0.9881056703969296
1,0,0.29210786879094136
1,1,0.9970783813802947
1,1,0.9999247241812421
1,1,0.9486825249243185
1,1,0.999996109552336
0,0,0.10636654967198476
1,1,0.9961689009095084
1,1,0.7033068389759913
1,1,0.9974449194258507
1,1,0.9441424282634483
0,1,0.5467448588150594
0,0,0.04471128886369941
1,1,0.9377106440531945
1,1,0.9999029922229602
1,1,0.8138203860412905
1,1,0.6696300186617046
1,1,0.9994238808219429
1,0,0.4597709006647725
1,1,0.9529216536671007
1,1,0.8572736110934
0,1,0.9467488822070714
0,0,0.24761847024359965
1,0,0.09546379816492093
0,0,0.13658637599679022
1,1,0.8289771351853653
1,1,0.8463459600682252
1,0,0.09309771376731422
1,1,0.874773968492937
1,1,0.93497120519634
1,1,0.8251042369156865
1,1,0.939607186568383
1,1,0.9998870479571831
1,1,0.5723456662899163
0,1,0.6961493770995948
1,1,0.6429052970287709
1,1,0.5709066706979375
1,1,0.856484543425332
1,1,0.9985803504851435
0,1,0.531326619074477
1,1,0.6792294824967776
0,0,0.14858695668462002
1,0,0.017524399203113727
0,0,0.34840595849622646
1,1,0.999390743105716
1,1,0.938223359931269
0,1,0.5562782741967505
0,0,0.34057873696698127
1,1,0.9513582624605541
1,1,0.9123038903255732
1,1,0.8585422462499652
0,0,0.15609490621892505
0,0,0.12652133664269938
1,1,0.999997761510526
1,0,0.2163483991905517
0,0,0.25127464007066336
1,0,0.1898826240115234
1,1,0.8475953063797094
1,1,0.5811922121136187
0,1,0.8595403558273069
1,1,0.8143237688215332
1,1,0.9634700096385652
0,0,0.3347962766859776
1,0,0.40989015238742005
0,0,0.07332101631443964
0,1,0.9845760102073772
0,0,0.1080418366338221
0,0,0.21279182069617997
0,0,0.21279182069616084
1,1,0.666996567054003
1,1,0.640154028458423
1,1,0.9980035334977859
1,1,0.9925221875858529
1,1,0.9714463419038065
0,0,0.25439706806385043
1,1,0.9997089156519404
0,0,0.062482183488726015
1,1,0.9999918400876338
1,1,0.9163162736203336
1,1,0.9377106440531948
1,0,0.46691553724542484
1,1,0.7310353381709435
0,1,0.5112034145044777
1,1,0.9166099108946392
1,1,0.6382486373143538
1,1,0.9941515048587977
1,1,0.7146590804068942
0,0,0.019393856913226717
1,1,0.6816392946524671
0,1,0.6052679773662208
1,1,0.8487188942897145
1,1,0.9999718133346307
1,1,0.9997651111504338
1,1,0.8569763211419352
1,1,0.740475675905864
0,0,0.2922494198930415
1,1,0.8284844228589358
1,1,0.9111240966541645
0,0,0.3646279687784566
1,1,0.9555862475070264
1,1,0.9999837967351114
1,0,0.11444141546272922
0,0,0.009185685621156682
0,0,0.45713154638694076
0,1,0.5819647472904895
1,0,0.15888486429539256
0,0,0.08185426176611355
1,0,0.20376862024523118
1,1,0.9962753303482393
0,1,0.5313266190744892
0,0,0.3551739475183742
0,1,0.9998038898661626
1,1,0.8081311670800918
1,1,0.9991122765779599
1,1,0.9443032370552592
0,0,0.2515759798487277
0,0,0.3876937838838565
1,1,0.9943505328592107
0,0,0.045479890794168025
1,0,0.15738883187214708
1,1,0.9951237763072038
0,0,0.06784636563956174
0,0,0.08948809653716862
1,1,0.9949530015340571
0,1,0.5135417969557079
1,1,0.9604126739014662
0,1,0.5081831173974147
1,0,0.41361519854167944
0,0,0.37618542692807666
1,0,0.2756474680823813
1,1,0.9999846781319722
1,1,0.9565319500152589
1,1,0.9975191569133204
0,0,0.04296028869726087
0,1,0.6967535240718229
1,1,0.6411729038616245
1,1,0.8775980580050144
0,0,0.03622913606915321
1,1,0.5662242542749468
1,0,6.568551072022799e-08
1,1,0.7860279247363323
1,1,0.9614035830742952
1,1,0.6984656107865027
0,1,0.9367769946985479
1,0,0.1760768509936616
0,1,0.7896410329933033
0,1,0.9560290926950403
1,1,0.9015512985049746
1,1,0.9992472882302368
0,1,0.6190489382345038
1,1,0.9951237763072038
1,1,0.8376144483185035
1,1,0.5744302627998393
1,1,0.9990738533144173
0,0,0.13879126748852974
1,1,0.9340064068928018
1,1,0.9966197070190914
1,0,0.1263133205341578
1,0,0.03622913606915321
1,1,0.9976585699425158
1,1,0.9959060921790273
1,1,0.9412390417552848
0,0,0.0018853863635412125
0,0,0.14872819401179765
1,1,0.9732744917342999
1,1,0.9996337433680094
1,1,0.8507099034903065
1,1,0.9943100701118449
1,0,0.08750512016306532
0,0,0.21726399244645542
1,1,0.8712251849414904
1,1,0.9974042277702122
1,1,0.926641029331843
1,1,0.9614035830742953
1,1,0.9925221875858526
1,1,0.9780640044949241
1,0,0.07844997858969095
0,0,0.02199445867806973
1,1,0.5313266190744893
1,1,0.9472230839343675
1,1,0.9600194999963125
1,1,0.956425155120433
1,1,0.9994767917336473
1,1,0.9945911607735887
1,0,0.42266183381445266
1,1,0.8084964266001929
1,1,0.9941317829363715
1,1,0.9991528767512388
1,1,0.985371223512633
1,1,0.9918988523622986
0,0,0.0003634588919923579
1,1,0.9976114590932399
1,1,0.5571172745449119
0,1,0.6088594303723364
1,0,0.16452809005345956
